  Line,  Analysis,             Time Code,           Port,  Inj Nr,  d(18_16)Mean,    d(D_H)Mean,      H2O_Mean,  Ignore, Good,                            Identifier 1,                            Identifier 2,   Gas Configuration,Timestamp Mean,   d(18_16)_SD,     d(D_H)_SD,        H2O_SD,   d(18_16)_Sl,     d(D_H)_Sl,        H2O_Sl,baseline_shift,   slope_shift,     residuals,baseline_curvature,      interval,       ch4_ppm,  h16od_adjust,   h16od_shift,n2_flag,      DAS Temp,      Tray,  Sample,     Job,    Method,Error Code
151,    P-6814,   2025/09/28 18:16:52,           1-01,1,-6.787,-36.917,27108,-1,0,                                    KD-1,                                   dummy,                 H2O,1759101722,0.483,0.711,474.387,0.007,0.012,11.063,144.663,55.506,1.706,83.574,0.863,-5.334,0,0,0,38.5,1,1,1,4-13-2023_WL,0
152,    P-6814,   2025/09/28 18:25:51,           1-01,2,1.248,-3.564,19362,-1,1,                                    KD-1,                                   dummy,                 H2O,1759102261,0.257,0.569,243.334,-0.003,-0.006,5.954,98.045,39.392,1.185,61.557,0.858,-4.868,0,0,0,38.438,1,1,1,4-13-2023_WL,0
153,    P-6814,   2025/09/28 18:34:51,           1-01,3,1.358,0.926,19087,-1,1,                                    KD-1,                                   dummy,                 H2O,1759102801,0.264,0.637,230.124,-0.003,-0.006,5.626,96.544,38.739,1.185,60.287,0.858,-4.963,0,0,0,38.5,1,1,1,4-13-2023_WL,0
154,    P-6814,   2025/09/28 18:43:50,           1-01,4,1.307,2.134,19094,0,1,                                    KD-1,                                   dummy,                 H2O,1759103340,0.26,0.632,226.881,-0.003,-0.006,5.549,96.643,38.405,1.132,61.12,0.858,-4.94,0,0,0,38.5,1,1,1,4-13-2023_WL,0
155,    P-6814,   2025/09/28 18:52:50,           1-01,5,1.41,3.101,19198,0,1,                                    KD-1,                                   dummy,                 H2O,1759103880,0.237,0.666,223.241,-0.002,-0.007,5.465,97.234,38.992,1.16,60.282,0.858,-5.207,0,0,0,38.438,1,1,1,4-13-2023_WL,0
156,    P-6814,   2025/09/28 19:01:49,           1-01,6,1.315,3.309,19156,0,1,                                    KD-1,                                   dummy,                 H2O,1759104419,0.253,0.551,225.078,-0.002,-0.003,5.513,97.012,38.973,1.149,59.526,0.857,-5.113,0,0,0,38.438,1,1,1,4-13-2023_WL,0
157,    P-6814,   2025/09/28 19:10:48,           1-01,7,1.29,3.467,19298,0,1,                                    KD-1,                                   dummy,                 H2O,1759104958,0.257,0.575,227.746,-0.002,-0.004,5.575,97.815,38.839,1.15,61.772,0.858,-5.058,0,0,0,38.438,1,1,1,4-13-2023_WL,0
158,    P-6814,   2025/09/28 19:19:48,           1-01,8,1.314,3.816,19317,0,1,                                    KD-1,                                   dummy,                 H2O,1759105498,0.242,0.582,226.086,-0.003,-0.003,5.535,97.797,39.219,1.15,60.959,0.858,-4.949,0,0,0,38.438,1,1,1,4-13-2023_WL,0
159,    P-6814,   2025/09/28 19:28:47,           1-01,9,1.283,3.9,19376,0,1,                                    KD-1,                                   dummy,                 H2O,1759106037,0.241,0.564,229.544,-0.002,-0.005,5.581,98.2,38.712,1.17,62.926,0.858,-4.789,0,0,0,38.562,1,1,1,4-13-2023_WL,0
160,    P-6814,   2025/09/28 19:37:46,           1-01,10,1.293,3.956,19494,0,1,                                    KD-1,                                   dummy,                 H2O,1759106576,0.24,0.513,228.823,-0.003,-0.004,5.575,98.76,39.629,1.114,62.202,0.856,-4.985,0,0,0,38.75,1,1,1,4-13-2023_WL,0
161,    P-6814,   2025/09/28 19:46:45,           1-01,11,1.367,4.13,19392,0,1,                                    KD-1,                                   dummy,                 H2O,1759107115,0.255,0.589,225.742,-0.002,-0.004,5.497,98.139,39.141,1.199,62.873,0.856,-4.82,0,0,0,38.688,1,1,1,4-13-2023_WL,0
162,    P-6814,   2025/09/28 19:55:45,           1-01,12,1.351,4.213,19415,0,1,                                    KD-1,                                   dummy,                 H2O,1759107655,0.232,0.598,223.128,-0.002,-0.003,5.463,98.503,39.006,1.162,62.11,0.857,-4.927,0,0,0,38.625,1,1,1,4-13-2023_WL,0
163,    P-6815,   2025/09/28 20:05:12,           1-02,1,1.318,4.275,19779,-1,1,                                    KD-1,                                   drift,                 H2O,1759108222,0.258,0.574,229.156,-0.003,-0.004,5.573,100.492,39.898,1.196,63.532,0.858,-5.031,0,0,0,38.562,1,2,1,4-13-2023_WL,0
164,    P-6815,   2025/09/28 20:14:11,           1-02,2,1.341,4.463,19386,-1,1,                                    KD-1,                                   drift,                 H2O,1759108761,0.238,0.579,228.079,-0.002,-0.002,5.55,98.274,39.307,1.184,61.121,0.858,-5.036,0,0,0,38.5,1,2,1,4-13-2023_WL,0
165,    P-6815,   2025/09/28 20:23:10,           1-02,3,1.373,4.412,19321,-1,1,                                    KD-1,                                   drift,                 H2O,1759109300,0.251,0.575,223.96,-0.002,-0.003,5.454,97.869,39.025,1.163,61.515,0.857,-4.891,0,0,0,38.5,1,2,1,4-13-2023_WL,0
166,    P-6815,   2025/09/28 20:32:10,           1-02,4,1.309,4.29,19296,0,1,                                    KD-1,                                   drift,                 H2O,1759109840,0.248,0.555,226.073,-0.002,-0.001,5.538,97.871,38.976,1.218,60.752,0.857,-5.041,0,0,0,38.5,1,2,1,4-13-2023_WL,0
167,    P-6815,   2025/09/28 20:41:09,           1-02,5,1.407,4.496,19377,0,1,                                    KD-1,                                   drift,                 H2O,1759110379,0.239,0.556,226.21,-0.002,-0.003,5.509,98.255,39.481,1.15,60.446,0.857,-5.193,0,0,0,38.5,1,2,1,4-13-2023_WL,0
168,    P-6815,   2025/09/28 20:50:08,           1-02,6,1.394,4.697,19484,0,1,                                    KD-1,                                   drift,                 H2O,1759110919,0.246,0.568,225.811,-0.002,0,5.493,98.715,39.34,1.171,62.806,0.858,-4.952,0,0,0,38.438,1,2,1,4-13-2023_WL,0
169,    P-6815,   2025/09/28 20:59:08,           1-02,7,1.337,4.613,19579,0,1,                                    KD-1,                                   drift,                 H2O,1759111458,0.282,0.54,226.462,-0.003,-0.003,5.503,99.083,39.77,1.206,63.298,0.858,-4.685,0,0,0,38.438,1,2,1,4-13-2023_WL,0
170,    P-6815,   2025/09/28 21:08:07,           1-02,8,1.423,4.682,19332,0,1,                                    KD-1,                                   drift,                 H2O,1759111997,0.215,0.564,221.24,-0.002,-0.005,5.388,97.902,39.593,1.124,59.951,0.857,-5.141,0,0,0,38.438,1,2,1,4-13-2023_WL,0
171,    P-6815,   2025/09/28 21:17:07,           1-02,9,1.387,4.413,19289,0,1,                                    KD-1,                                   drift,                 H2O,1759112537,0.264,0.557,223.536,-0.002,-0.001,5.475,97.699,39.081,1.15,60.962,0.857,-5.005,0,0,0,38.438,1,2,1,4-13-2023_WL,0
172,    P-6815,   2025/09/28 21:26:06,           1-02,10,1.381,4.67,19527,0,1,                                    KD-1,                                   drift,                 H2O,1759113076,0.237,0.552,223.724,-0.002,0,5.478,98.959,39.59,1.17,62.602,0.857,-4.955,0,0,0,38.438,1,2,1,4-13-2023_WL,0
173,    P-6815,   2025/09/28 21:35:05,           1-02,11,1.421,4.768,19622,0,1,                                    KD-1,                                   drift,                 H2O,1759113615,0.259,0.639,223.246,-0.002,-0.003,5.462,99.762,39.592,1.18,62.127,0.858,-5.186,0,0,0,38.375,1,2,1,4-13-2023_WL,0
174,    P-6815,   2025/09/28 21:44:04,           1-02,12,1.37,4.665,19403,0,1,                                    KD-1,                                   drift,                 H2O,1759114155,0.209,0.542,221.65,-0.002,-0.001,5.42,98.252,39.223,1.138,62.16,0.858,-4.978,0,0,0,38.438,1,2,1,4-13-2023_WL,0
175,    P-6816,   2025/09/28 21:53:32,           1-03,1,0.907,14.376,20025,-1,1,                                  IARO63,                                standard,                 H2O,1759114722,0.246,0.584,227.804,-0.002,-0.003,5.542,101.738,40.756,1.162,64.198,0.857,-4.973,0,0,0,38.375,1,3,1,4-13-2023_WL,0
176,    P-6816,   2025/09/28 22:02:31,           1-03,2,1.036,15.632,19567,-1,1,                                  IARO63,                                standard,                 H2O,1759115261,0.256,0.559,224.666,-0.003,-0.003,5.465,99.497,39.56,1.142,61.119,0.857,-5.234,0,0,0,38.438,1,3,1,4-13-2023_WL,0
177,    P-6816,   2025/09/28 22:11:31,           1-03,3,0.936,15.875,19545,-1,1,                                  IARO63,                                standard,                 H2O,1759115800,0.225,0.569,223.61,-0.001,-0.004,5.47,99.215,39.685,1.169,61.352,0.858,-5.131,0,0,0,38.375,1,3,1,4-13-2023_WL,0
178,    P-6816,   2025/09/28 22:20:30,           1-03,4,0.914,16.095,19526,0,1,                                  IARO63,                                standard,                 H2O,1759116340,0.237,0.609,225.714,-0.002,-0.004,5.493,98.886,39.7,1.218,62.108,0.857,-4.933,0,0,0,38.438,1,3,1,4-13-2023_WL,0
179,    P-6816,   2025/09/28 22:29:29,           1-03,5,0.87,16.151,19633,0,1,                                  IARO63,                                standard,                 H2O,1759116879,0.254,0.558,226.623,-0.002,-0.005,5.549,99.625,40.099,1.146,61.596,0.857,-5.123,0,0,0,38.625,1,3,1,4-13-2023_WL,0
180,    P-6816,   2025/09/28 22:38:29,           1-03,6,0.86,16.261,19553,0,1,                                  IARO63,                                standard,                 H2O,1759117419,0.255,0.519,227.676,-0.002,-0.002,5.542,98.866,40.029,1.194,62.685,0.857,-4.832,0,0,0,38.625,1,3,1,4-13-2023_WL,0
181,    P-6816,   2025/09/28 22:47:28,           1-03,7,0.868,16.324,19558,0,1,                                  IARO63,                                standard,                 H2O,1759117958,0.244,0.547,227.722,-0.001,-0.002,5.543,99.117,39.715,1.172,62.419,0.857,-4.938,0,0,0,38.625,1,3,1,4-13-2023_WL,0
182,    P-6816,   2025/09/28 22:56:28,           1-03,8,0.936,16.404,19545,0,1,                                  IARO63,                                standard,                 H2O,1759118498,0.229,0.469,225.029,-0.002,-0.002,5.473,99.104,39.819,1.174,61.479,0.858,-5.041,0,0,0,38.562,1,3,1,4-13-2023_WL,0
183,    P-6816,   2025/09/28 23:05:27,           1-03,9,0.924,16.406,19657,0,1,                                  IARO63,                                standard,                 H2O,1759119037,0.221,0.476,226.324,-0.002,-0.001,5.507,99.822,39.917,1.165,62.175,0.857,-5.166,0,0,0,38.562,1,3,1,4-13-2023_WL,0
184,    P-6816,   2025/09/28 23:14:27,           1-03,10,0.898,16.473,19521,0,1,                                  IARO63,                                standard,                 H2O,1759119577,0.212,0.544,226.704,-0.001,-0.002,5.553,99.07,39.546,1.142,61.648,0.857,-5.145,0,0,0,38.562,1,3,1,4-13-2023_WL,0
185,    P-6816,   2025/09/28 23:23:26,           1-03,11,0.95,16.655,19548,0,1,                                  IARO63,                                standard,                 H2O,1759120116,0.229,0.556,225.365,-0.002,-0.001,5.484,99.218,39.478,1.158,61.9,0.857,-4.996,0,0,0,38.5,1,3,1,4-13-2023_WL,0
186,    P-6816,   2025/09/28 23:32:25,           1-03,12,0.926,16.484,19519,0,1,                                  IARO63,                                standard,                 H2O,1759120654,0.216,0.514,223.575,-0.001,-0.002,5.441,98.958,39.684,1.128,61.867,0.857,-5.007,0,0,0,38.438,1,3,1,4-13-2023_WL,0
187,    P-6817,   2025/09/28 23:41:51,           1-04,1,-16.399,-117.656,19726,-1,1,                                  USGS47,                                standard,                 H2O,1759121221,0.242,1.115,226.592,0.002,0.023,5.55,100.104,40.53,1.169,61.237,0.857,-4.915,0,0,0,38.5,1,4,1,4-13-2023_WL,0
188,    P-6817,   2025/09/28 23:50:51,           1-04,2,-17.743,-134.766,19464,-1,1,                                  USGS47,                                standard,                 H2O,1759121761,0.235,1.177,226.486,0.001,0.026,5.545,98.502,39.983,1.136,60.984,0.857,-4.776,0,0,0,38.438,1,4,1,4-13-2023_WL,0
189,    P-6817,   2025/09/28 23:59:50,           1-04,3,-18.158,-140.031,19402,-1,1,                                  USGS47,                                standard,                 H2O,1759122301,0.228,0.972,222.887,0.001,0.02,5.422,98.287,39.584,1.13,60.597,0.857,-4.812,0,0,0,38.438,1,4,1,4-13-2023_WL,0
190,    P-6817,   2025/09/29 00:08:50,           1-04,4,-18.411,-142.785,19451,0,1,                                  USGS47,                                standard,                 H2O,1759122840,0.216,0.85,224.089,0,0.016,5.455,98.442,40.337,1.13,59.526,0.857,-4.934,0,0,0,38.438,1,4,1,4-13-2023_WL,0
191,    P-6817,   2025/09/29 00:17:49,           1-04,5,-18.525,-144.346,19471,0,1,                                  USGS47,                                standard,                 H2O,1759123379,0.21,0.806,224.109,-0.001,0.015,5.484,98.549,40.13,1.156,60.293,0.857,-4.876,0,0,0,38.375,1,4,1,4-13-2023_WL,0
192,    P-6817,   2025/09/29 00:26:48,           1-04,6,-18.633,-145.412,19469,0,1,                                  USGS47,                                standard,                 H2O,1759123918,0.241,0.685,225.702,0,0.011,5.49,98.711,40.352,1.114,58.665,0.858,-5.186,0,0,0,38.375,1,4,1,4-13-2023_WL,0
193,    P-6817,   2025/09/29 00:35:47,           1-04,7,-18.7,-146.265,19491,0,1,                                  USGS47,                                standard,                 H2O,1759124458,0.223,0.776,222.398,0,0.014,5.443,98.578,40.716,1.114,59.269,0.858,-4.896,0,0,0,38.375,1,4,1,4-13-2023_WL,0
194,    P-6817,   2025/09/29 00:44:46,           1-04,8,-18.702,-146.873,19479,0,1,                                  USGS47,                                standard,                 H2O,1759124996,0.233,0.772,221.172,-0.001,0.012,5.414,98.773,40.311,1.13,58.875,0.857,-5.152,0,0,0,38.375,1,4,1,4-13-2023_WL,0
195,    P-6817,   2025/09/29 00:53:45,           1-04,9,-18.784,-147.401,19488,0,1,                                  USGS47,                                standard,                 H2O,1759125536,0.217,0.743,223.333,0,0.014,5.465,98.885,39.988,1.14,59.437,0.857,-5.037,0,0,0,38.375,1,4,1,4-13-2023_WL,0
196,    P-6817,   2025/09/29 01:02:45,           1-04,10,-18.817,-147.809,19520,0,1,                                  USGS47,                                standard,                 H2O,1759126075,0.218,0.68,223.921,-0.001,0.011,5.475,98.812,40.21,1.179,60.755,0.858,-4.861,0,0,0,38.375,1,4,1,4-13-2023_WL,0
197,    P-6817,   2025/09/29 01:11:44,           1-04,11,-18.904,-148.028,19530,0,1,                                  USGS47,                                standard,                 H2O,1759126614,0.236,0.638,228.149,0,0.01,5.547,98.84,40.543,1.169,60.025,0.858,-4.884,0,0,0,38.375,1,4,1,4-13-2023_WL,0
198,    P-6817,   2025/09/29 01:20:43,           1-04,12,-18.876,-148.263,19584,0,1,                                  USGS47,                                standard,                 H2O,1759127154,0.221,0.623,225.028,-0.001,0.009,5.482,99.273,40.189,1.148,60.984,0.856,-4.756,0,0,0,38.438,1,4,1,4-13-2023_WL,0
199,    P-6818,   2025/09/29 01:30:11,           1-05,1,-2.965,-23.42,20060,-1,1,                                    RSIL,                                standard,                 H2O,1759127721,0.26,0.773,225.898,-0.004,-0.014,5.495,102.487,40.397,1.168,62.654,0.857,-5.468,0,0,0,38.562,1,5,1,4-13-2023_WL,0
200,    P-6818,   2025/09/29 01:39:11,           1-05,2,-1.705,-8.025,19594,-1,1,                                    RSIL,                                standard,                 H2O,1759128261,0.246,0.826,226.022,-0.003,-0.015,5.532,99.521,39.845,1.151,61.046,0.858,-5.195,0,0,0,38.625,1,5,1,4-13-2023_WL,0
201,    P-6818,   2025/09/29 01:48:10,           1-05,3,-1.336,-3.337,19571,-1,1,                                    RSIL,                                standard,                 H2O,1759128800,0.264,0.777,222.415,-0.003,-0.013,5.436,99.225,39.559,1.173,62.782,0.858,-4.952,0,0,0,38.5,1,5,1,4-13-2023_WL,0
202,    P-6818,   2025/09/29 01:57:10,           1-05,4,-1.161,-1.109,19550,0,1,                                    RSIL,                                standard,                 H2O,1759129340,0.252,0.754,222.986,-0.003,-0.012,5.426,99.279,39.314,1.158,62.3,0.857,-5.114,0,0,0,38.5,1,5,1,4-13-2023_WL,0
203,    P-6818,   2025/09/29 02:06:09,           1-05,5,-1.119,0.146,19523,0,1,                                    RSIL,                                standard,                 H2O,1759129878,0.24,0.656,227.254,-0.002,-0.008,5.529,98.768,39.433,1.187,63.653,0.857,-4.717,0,0,0,38.438,1,5,1,4-13-2023_WL,0
204,    P-6818,   2025/09/29 02:15:08,           1-05,6,-0.987,1.305,19553,0,1,                                    RSIL,                                standard,                 H2O,1759130417,0.252,0.611,222.33,-0.003,-0.008,5.445,99.114,39.446,1.154,62.711,0.857,-4.909,0,0,0,38.438,1,5,1,4-13-2023_WL,0
205,    P-6818,   2025/09/29 02:24:07,           1-05,7,-0.932,1.708,19478,0,1,                                    RSIL,                                standard,                 H2O,1759130957,0.231,0.644,222.496,-0.002,-0.007,5.449,98.798,39.387,1.147,61.783,0.857,-5.044,0,0,0,38.438,1,5,1,4-13-2023_WL,0
206,    P-6818,   2025/09/29 02:33:06,           1-05,8,-0.915,2.301,19527,0,1,                                    RSIL,                                standard,                 H2O,1759131496,0.236,0.638,224.657,-0.002,-0.009,5.467,98.654,40.165,1.202,62.131,0.857,-4.795,0,0,0,38.438,1,5,1,4-13-2023_WL,0
207,    P-6818,   2025/09/29 02:42:06,           1-05,9,-0.865,2.659,19525,0,1,                                    RSIL,                                standard,                 H2O,1759132036,0.222,0.632,222.281,-0.001,-0.008,5.437,98.808,40.006,1.149,61.654,0.858,-4.916,0,0,0,38.438,1,5,1,4-13-2023_WL,0
208,    P-6818,   2025/09/29 02:51:05,           1-05,10,-0.812,3.024,19527,0,1,                                    RSIL,                                standard,                 H2O,1759132575,0.263,0.556,221.846,-0.003,-0.004,5.43,99.05,39.311,1.206,62.843,0.857,-5.034,0,0,0,38.375,1,5,1,4-13-2023_WL,0
209,    P-6818,   2025/09/29 03:00:04,           1-05,11,-0.795,3.328,19493,0,1,                                    RSIL,                                standard,                 H2O,1759133113,0.235,0.617,224.152,-0.002,-0.005,5.451,98.889,39.083,1.185,62.641,0.857,-4.919,0,0,0,38.375,1,5,1,4-13-2023_WL,0
210,    P-6818,   2025/09/29 03:09:03,           1-05,12,-0.808,3.338,19508,0,1,                                    RSIL,                                standard,                 H2O,1759133653,0.236,0.577,222.856,-0.002,-0.005,5.454,99.263,39.457,1.19,60.008,0.857,-5.424,0,0,0,38.375,1,5,1,4-13-2023_WL,0
211,    P-6819,   2025/09/29 03:18:31,           1-06,1,0.917,3.54,20136,-1,1,                                    KD-1,                                   drift,                 H2O,1759134221,0.227,0.618,226.581,-0.002,-0.004,5.513,102.385,41.035,1.207,64.249,0.857,-5.021,0,0,0,38.375,1,6,2,4-13-2023_WL,0
212,    P-6819,   2025/09/29 03:27:30,           1-06,2,1.136,3.666,19588,-1,1,                                    KD-1,                                   drift,                 H2O,1759134760,0.234,0.604,225.424,-0.002,-0.006,5.516,99.286,39.818,1.167,62.21,0.858,-5.003,0,0,0,38.312,1,6,2,4-13-2023_WL,0
213,    P-6819,   2025/09/29 03:36:29,           1-06,3,1.138,3.734,19503,-1,1,                                    KD-1,                                   drift,                 H2O,1759135299,0.238,0.576,222.318,-0.003,-0.004,5.439,98.94,39.375,1.17,61.797,0.858,-5.064,0,0,0,38.375,1,6,2,4-13-2023_WL,0
214,    P-6819,   2025/09/29 03:45:29,           1-06,4,1.196,3.87,19638,0,1,                                    KD-1,                                   drift,                 H2O,1759135839,0.22,0.619,221.447,-0.002,-0.005,5.414,99.266,40.247,1.179,63.081,0.859,-4.826,0,0,0,38.312,1,6,2,4-13-2023_WL,0
215,    P-6819,   2025/09/29 03:54:28,           1-06,5,1.239,3.882,19651,0,1,                                    KD-1,                                   drift,                 H2O,1759136378,0.234,0.584,224.454,-0.002,-0.004,5.463,99.928,39.641,1.198,61.928,0.857,-5.288,0,0,0,38.312,1,6,2,4-13-2023_WL,0
216,    P-6819,   2025/09/29 04:03:27,           1-06,6,1.214,3.901,19707,0,1,                                    KD-1,                                   drift,                 H2O,1759136917,0.237,0.562,229.381,-0.001,-0.002,5.579,100.315,39.883,1.199,61.383,0.858,-5.467,0,0,0,38.312,1,6,2,4-13-2023_WL,0
217,    P-6819,   2025/09/29 04:12:27,           1-06,7,1.218,4.193,19750,0,1,                                    KD-1,                                   drift,                 H2O,1759137457,0.238,0.529,224.014,-0.001,-0.002,5.453,100.21,39.839,1.146,63.892,0.857,-4.972,0,0,0,38.5,1,6,2,4-13-2023_WL,0
218,    P-6819,   2025/09/29 04:21:26,           1-06,8,1.216,4.101,19705,0,1,                                    KD-1,                                   drift,                 H2O,1759137996,0.248,0.554,224.564,-0.003,-0.002,5.463,99.845,39.69,1.196,64.593,0.857,-4.709,0,0,0,38.625,1,6,2,4-13-2023_WL,0
219,    P-6820,   2025/09/29 04:30:54,           1-07,1,-0.74,1.849,19900,-1,1,                                  USGS48,                                      QC,                 H2O,1759138564,0.234,0.506,223.741,-0.002,-0.001,5.446,101.24,39.847,1.215,64.401,0.857,-4.972,0,0,0,38.562,1,7,2,4-13-2023_WL,0
220,    P-6820,   2025/09/29 04:39:53,           1-07,2,-0.818,1.685,19542,-1,1,                                  USGS48,                                      QC,                 H2O,1759139103,0.236,0.652,222.019,-0.002,-0.002,5.401,98.971,39.787,1.154,62.288,0.857,-4.961,0,0,0,38.562,1,7,2,4-13-2023_WL,0
221,    P-6820,   2025/09/29 04:48:52,           1-07,3,-0.941,1.466,19466,-1,1,                                  USGS48,                                      QC,                 H2O,1759139642,0.216,0.603,222.521,-0.002,-0.001,5.441,98.395,39.357,1.151,63.495,0.858,-4.724,0,0,0,38.5,1,7,2,4-13-2023_WL,0
222,    P-6820,   2025/09/29 04:57:51,           1-07,4,-0.954,1.385,19456,0,1,                                  USGS48,                                      QC,                 H2O,1759140181,0.229,0.576,224.47,-0.002,0,5.462,98.423,39.567,1.173,62.421,0.857,-4.83,0,0,0,38.5,1,7,2,4-13-2023_WL,0
223,    P-6820,   2025/09/29 05:06:50,           1-07,5,-0.926,1.429,19453,0,1,                                  USGS48,                                      QC,                 H2O,1759140721,0.218,0.535,225.795,-0.002,-0.001,5.499,98.621,39.877,1.146,59.934,0.857,-5.317,0,0,0,38.438,1,7,2,4-13-2023_WL,0
224,    P-6820,   2025/09/29 05:15:50,           1-07,6,-0.885,1.542,19357,0,1,                                  USGS48,                                      QC,                 H2O,1759141260,0.249,0.578,222.757,-0.003,0,5.449,98.009,38.894,1.158,62.539,0.858,-4.855,0,0,0,38.438,1,7,2,4-13-2023_WL,0
225,    P-6820,   2025/09/29 05:24:49,           1-07,7,-0.901,1.485,19380,0,1,                                  USGS48,                                      QC,                 H2O,1759141799,0.245,0.541,223.123,-0.002,-0.001,5.458,98.19,39.254,1.137,61.453,0.857,-5.122,0,0,0,38.375,1,7,2,4-13-2023_WL,0
226,    P-6820,   2025/09/29 05:33:48,           1-07,8,-0.974,1.488,19500,0,1,                                  USGS48,                                      QC,                 H2O,1759142338,0.249,0.595,225.215,-0.002,-0.002,5.479,98.861,40.005,1.13,60.448,0.857,-5.347,0,0,0,38.375,1,7,2,4-13-2023_WL,0
227,    P-6821,   2025/09/29 05:43:13,           1-08,1,1.525,7.617,19658,-1,1,              Cristobal 0.5m 21-Jan-2020,                                 unknown,                 H2O,1759142903,0.252,0.601,225.897,-0.003,-0.005,5.495,99.461,39.707,1.224,64.731,0.857,-4.667,0,0,0,38.375,1,8,2,4-13-2023_WL,0
228,    P-6821,   2025/09/29 05:52:12,           1-08,2,1.699,8.312,19441,-1,1,              Cristobal 0.5m 21-Jan-2020,                                 unknown,                 H2O,1759143442,0.218,0.535,226.036,-0.001,-0.002,5.497,98.299,39.491,1.134,62.683,0.857,-4.813,0,0,0,38.375,1,8,2,4-13-2023_WL,0
229,    P-6821,   2025/09/29 06:01:11,           1-08,3,1.689,8.28,19231,-1,1,              Cristobal 0.5m 21-Jan-2020,                                 unknown,                 H2O,1759143982,0.245,0.527,225.433,-0.002,-0.001,5.512,97.02,39.674,1.131,60.391,0.858,-4.937,0,0,0,38.375,1,8,2,4-13-2023_WL,0
230,    P-6821,   2025/09/29 06:10:10,           1-08,4,1.754,8.484,19288,0,1,              Cristobal 0.5m 21-Jan-2020,                                 unknown,                 H2O,1759144520,0.254,0.579,229.189,-0.002,-0.002,5.611,97.359,39.337,1.16,61.926,0.857,-4.813,0,0,0,38.375,1,8,2,4-13-2023_WL,0
231,    P-6821,   2025/09/29 06:19:09,           1-08,5,1.742,8.594,19342,0,1,              Cristobal 0.5m 21-Jan-2020,                                 unknown,                 H2O,1759145059,0.251,0.555,233.438,-0.001,-0.001,5.713,97.714,39.004,1.173,63.157,0.857,-4.721,0,0,0,38.312,1,8,2,4-13-2023_WL,0
232,    P-6821,   2025/09/29 06:28:09,           1-08,6,1.782,8.625,19363,0,1,              Cristobal 0.5m 21-Jan-2020,                                 unknown,                 H2O,1759145599,0.239,0.498,234.939,-0.002,0,5.751,98.038,39.62,1.128,60.351,0.857,-5.16,0,0,0,38.5,1,8,2,4-13-2023_WL,0
233,    P-6821,   2025/09/29 06:37:08,           1-08,7,1.756,8.692,19315,0,1,              Cristobal 0.5m 21-Jan-2020,                                 unknown,                 H2O,1759146138,0.226,0.512,233.156,-0.001,-0.001,5.705,97.534,39.063,1.166,62.735,0.857,-4.734,0,0,0,38.625,1,8,2,4-13-2023_WL,0
234,    P-6821,   2025/09/29 06:46:07,           1-08,8,1.832,8.804,19308,0,1,              Cristobal 0.5m 21-Jan-2020,                                 unknown,                 H2O,1759146677,0.233,0.562,231.832,-0.001,-0.001,5.647,97.459,39.464,1.152,61.675,0.857,-4.857,0,0,0,38.625,1,8,2,4-13-2023_WL,0
235,    P-6822,   2025/09/29 06:55:33,           1-09,1,2.007,9.779,19605,-1,1,               Cristobal 0.5m 4-Feb-2020,                                 unknown,                 H2O,1759147243,0.227,0.564,232.9,-0.001,0,5.705,99.322,39.857,1.188,62.542,0.857,-4.99,0,0,0,38.562,1,9,2,4-13-2023_WL,0
236,    P-6822,   2025/09/29 07:04:33,           1-09,2,2.053,9.873,19495,-1,1,               Cristobal 0.5m 4-Feb-2020,                                 unknown,                 H2O,1759147783,0.228,0.544,236.55,-0.001,-0.002,5.756,99,39.072,1.162,62.098,0.857,-5.186,0,0,0,38.5,1,9,2,4-13-2023_WL,0
237,    P-6822,   2025/09/29 07:13:32,           1-09,3,2.056,9.9,19094,-1,1,               Cristobal 0.5m 4-Feb-2020,                                 unknown,                 H2O,1759148321,0.244,0.573,231.05,-0.001,0.001,5.655,96.431,39.009,1.146,59.68,0.857,-5.066,0,0,0,38.438,1,9,2,4-13-2023_WL,0
238,    P-6822,   2025/09/29 07:22:31,           1-09,4,2.02,9.75,19145,0,1,               Cristobal 0.5m 4-Feb-2020,                                 unknown,                 H2O,1759148861,0.209,0.563,234.202,-0.001,-0.001,5.732,96.647,39.134,1.068,60.513,0.858,-4.865,0,0,0,38.438,1,9,2,4-13-2023_WL,0
239,    P-6822,   2025/09/29 07:31:29,           1-09,5,1.999,9.926,19122,0,1,               Cristobal 0.5m 4-Feb-2020,                                 unknown,                 H2O,1759149399,0.215,0.589,239.776,-0.001,0.003,5.827,96.486,38.685,1.184,61.614,0.858,-4.77,0,0,0,38.375,1,9,2,4-13-2023_WL,0
240,    P-6822,   2025/09/29 07:40:29,           1-09,6,1.983,9.737,19114,0,1,               Cristobal 0.5m 4-Feb-2020,                                 unknown,                 H2O,1759149939,0.207,0.549,242.093,-0.002,0.001,5.924,96.491,38.903,1.104,60.603,0.858,-4.971,0,0,0,38.375,1,9,2,4-13-2023_WL,0
241,    P-6822,   2025/09/29 07:49:27,           1-09,7,2.059,9.9,19054,0,1,               Cristobal 0.5m 4-Feb-2020,                                 unknown,                 H2O,1759150477,0.224,0.63,244.471,-0.001,0,5.949,96.17,38.473,1.12,61.351,0.857,-4.866,0,0,0,38.375,1,9,2,4-13-2023_WL,0
242,    P-6822,   2025/09/29 07:58:26,           1-09,8,2.121,10.032,19105,0,1,               Cristobal 0.5m 4-Feb-2020,                                 unknown,                 H2O,1759151016,0.233,0.52,241.954,-0.001,0.001,5.891,96.407,38.426,1.158,62.248,0.857,-4.704,0,0,0,38.375,1,9,2,4-13-2023_WL,0
243,    P-6823,   2025/09/29 08:07:52,           1-10,1,2.176,10.479,19572,-1,1,              Cristobal 0.5m 18-Feb-2020,                                 unknown,                 H2O,1759151582,0.219,0.558,242.062,-0.001,0,5.886,99.105,39.761,1.145,62.698,0.857,-4.955,0,0,0,38.375,1,10,2,4-13-2023_WL,0
244,    P-6823,   2025/09/29 08:16:51,           1-10,2,2.131,10.361,19299,-1,1,              Cristobal 0.5m 18-Feb-2020,                                 unknown,                 H2O,1759152121,0.229,0.505,243.213,-0.002,0,5.951,97.791,39.334,1.135,59.96,0.857,-5.273,0,0,0,38.375,1,10,2,4-13-2023_WL,0
245,    P-6823,   2025/09/29 08:25:50,           1-10,3,2.228,10.65,19142,-1,1,              Cristobal 0.5m 18-Feb-2020,                                 unknown,                 H2O,1759152660,0.239,0.511,239.325,-0.001,-0.001,5.863,96.612,39.077,1.109,60.51,0.857,-4.932,0,0,0,38.312,1,10,2,4-13-2023_WL,0
246,    P-6823,   2025/09/29 08:34:49,           1-10,4,2.146,10.329,19121,0,1,              Cristobal 0.5m 18-Feb-2020,                                 unknown,                 H2O,1759153199,0.22,0.564,250.791,-0.001,0.002,6.14,96.77,38.703,1.114,60.249,0.857,-5.13,0,0,0,38.312,1,10,2,4-13-2023_WL,0
247,    P-6823,   2025/09/29 08:43:48,           1-10,5,2.186,10.527,19096,0,1,              Cristobal 0.5m 18-Feb-2020,                                 unknown,                 H2O,1759153739,0.248,0.567,246.863,-0.001,0.003,6.046,96.318,38.859,1.11,60.799,0.857,-4.814,0,0,0,38.375,1,10,2,4-13-2023_WL,0
248,    P-6823,   2025/09/29 08:52:48,           1-10,6,2.243,10.606,19236,0,1,              Cristobal 0.5m 18-Feb-2020,                                 unknown,                 H2O,1759154278,0.227,0.578,244.27,-0.001,0.002,5.983,97.487,38.726,1.173,60.898,0.857,-5.149,0,0,0,38.375,1,10,2,4-13-2023_WL,0
249,    P-6823,   2025/09/29 09:01:47,           1-10,7,2.187,10.65,19226,0,1,              Cristobal 0.5m 18-Feb-2020,                                 unknown,                 H2O,1759154817,0.211,0.49,244.282,-0.001,0.001,5.978,97.432,38.888,1.162,59.875,0.857,-5.243,0,0,0,38.5,1,10,2,4-13-2023_WL,0
250,    P-6823,   2025/09/29 09:10:47,           1-10,8,2.189,10.613,19200,0,1,              Cristobal 0.5m 18-Feb-2020,                                 unknown,                 H2O,1759155356,0.212,0.555,243.035,-0.001,0,5.952,96.856,39.592,1.109,60.15,0.857,-4.946,0,0,0,38.625,1,10,2,4-13-2023_WL,0
251,    P-6824,   2025/09/29 09:20:14,           1-11,1,2.227,11.058,19570,-1,1,               Cristobal 0.5m 3-Mar-2020,                                 unknown,                 H2O,1759155925,0.232,0.561,252.288,-0.001,-0.001,6.142,99.305,39.418,1.161,62.387,0.857,-5.069,0,0,0,38.625,1,11,2,4-13-2023_WL,0
252,    P-6824,   2025/09/29 09:29:13,           1-11,2,2.26,10.992,19274,-1,1,               Cristobal 0.5m 3-Mar-2020,                                 unknown,                 H2O,1759156463,0.224,0.504,244.007,-0.001,0.001,5.97,97.803,38.951,1.115,59.833,0.857,-5.262,0,0,0,38.562,1,11,2,4-13-2023_WL,0
253,    P-6824,   2025/09/29 09:38:13,           1-11,3,2.306,11.14,19192,-1,1,               Cristobal 0.5m 3-Mar-2020,                                 unknown,                 H2O,1759157003,0.213,0.541,244.148,-0.001,0.001,5.947,97.002,39.241,1.134,59.917,0.857,-5.076,0,0,0,38.562,1,11,2,4-13-2023_WL,0
254,    P-6824,   2025/09/29 09:47:12,           1-11,4,2.322,11.004,19167,0,1,               Cristobal 0.5m 3-Mar-2020,                                 unknown,                 H2O,1759157542,0.215,0.565,246.34,-0.001,0.002,6.028,97.077,38.902,1.109,59.677,0.857,-5.264,0,0,0,38.5,1,11,2,4-13-2023_WL,0
255,    P-6824,   2025/09/29 09:56:11,           1-11,5,2.297,10.945,19152,0,1,               Cristobal 0.5m 3-Mar-2020,                                 unknown,                 H2O,1759158081,0.229,0.549,245.45,-0.002,0.001,6.004,96.944,38.903,1.085,59.958,0.858,-5.186,0,0,0,38.438,1,11,2,4-13-2023_WL,0
256,    P-6824,   2025/09/29 10:05:10,           1-11,6,2.321,11.025,19142,0,1,               Cristobal 0.5m 3-Mar-2020,                                 unknown,                 H2O,1759158620,0.223,0.507,246.779,-0.001,0.002,6.043,96.632,38.97,1.123,60.923,0.857,-4.825,0,0,0,38.438,1,11,2,4-13-2023_WL,0
257,    P-6824,   2025/09/29 10:14:09,           1-11,7,2.32,11.148,19109,0,1,               Cristobal 0.5m 3-Mar-2020,                                 unknown,                 H2O,1759159159,0.231,0.524,246.718,-0.002,0,6.036,96.622,38.475,1.128,60.916,0.858,-4.909,0,0,0,38.438,1,11,2,4-13-2023_WL,0
258,    P-6824,   2025/09/29 10:23:08,           1-11,8,2.269,10.869,19093,0,1,               Cristobal 0.5m 3-Mar-2020,                                 unknown,                 H2O,1759159698,0.203,0.582,247.826,-0.001,0,6.099,96.566,38.628,1.149,60.363,0.858,-5.017,0,0,0,38.438,1,11,2,4-13-2023_WL,0
259,    P-6825,   2025/09/29 10:32:35,           1-12,1,1.491,6.14,19796,-1,1,                                    KD-1,                                   drift,                 H2O,1759160265,0.233,0.551,258.193,-0.001,0.001,6.317,100.713,39.938,1.209,62.372,0.858,-5.216,0,0,0,38.438,1,12,2,4-13-2023_WL,0
260,    P-6825,   2025/09/29 10:41:34,           1-12,2,1.394,5.456,19497,-1,1,                                    KD-1,                                   drift,                 H2O,1759160804,0.21,0.533,243.031,-0.001,0.001,5.914,98.628,39.492,1.162,62.903,0.857,-4.851,0,0,0,38.438,1,12,2,4-13-2023_WL,0
261,    P-6825,   2025/09/29 10:50:33,           1-12,3,1.28,5.053,19430,-1,1,                                    KD-1,                                   drift,                 H2O,1759161343,0.226,0.557,246.524,-0.001,0.004,5.996,98.093,39.132,1.172,64.142,0.858,-4.553,0,0,0,38.438,1,12,2,4-13-2023_WL,0
262,    P-6825,   2025/09/29 10:59:33,           1-12,4,1.325,4.912,19439,0,1,                                    KD-1,                                   drift,                 H2O,1759161883,0.219,0.548,250.296,-0.001,0.001,6.094,98.264,39.714,1.106,61.895,0.857,-4.93,0,0,0,38.375,1,12,2,4-13-2023_WL,0
263,    P-6825,   2025/09/29 11:08:31,           1-12,5,1.397,5.14,19496,0,1,                                    KD-1,                                   drift,                 H2O,1759162421,0.232,0.596,238.529,-0.001,0,5.83,98.532,39.838,1.143,62.258,0.858,-4.83,0,0,0,38.375,1,12,2,4-13-2023_WL,0
264,    P-6825,   2025/09/29 11:17:30,           1-12,6,1.324,4.909,19428,0,1,                                    KD-1,                                   drift,                 H2O,1759162960,0.237,0.554,235.822,-0.001,0.001,5.772,98.367,39.927,1.14,60.012,0.857,-5.179,0,0,0,38.375,1,12,2,4-13-2023_WL,0
265,    P-6825,   2025/09/29 11:26:29,           1-12,7,1.381,5.055,19434,0,1,                                    KD-1,                                   drift,                 H2O,1759163499,0.217,0.577,237.626,-0.001,0,5.812,98.467,39.257,1.149,61.856,0.858,-4.981,0,0,0,38.375,1,12,2,4-13-2023_WL,0
266,    P-6825,   2025/09/29 11:35:28,           1-12,8,1.331,4.868,19415,0,1,                                    KD-1,                                   drift,                 H2O,1759164039,0.238,0.542,237.734,-0.002,0.004,5.785,98.545,38.949,1.177,61.553,0.857,-5.194,0,0,0,38.375,1,12,2,4-13-2023_WL,0
267,    P-6826,   2025/09/29 11:44:56,           1-13,1,2.208,10.19,19340,-1,1,              Cristobal 0.5m 17-Mar-2020,                                 unknown,                 H2O,1759164606,0.208,0.536,241.97,-0.001,-0.001,5.919,98.049,39.091,1.131,60.916,0.858,-5.143,0,0,0,38.438,1,13,2,4-13-2023_WL,0
268,    P-6826,   2025/09/29 11:53:55,           1-13,2,2.331,11.049,19236,-1,1,              Cristobal 0.5m 17-Mar-2020,                                 unknown,                 H2O,1759165145,0.227,0.554,236.698,-0.002,0.001,5.757,97.11,39.064,1.155,61.787,0.857,-4.923,0,0,0,38.375,1,13,2,4-13-2023_WL,0
269,    P-6826,   2025/09/29 12:02:54,           1-13,3,2.263,11.135,19217,-1,1,              Cristobal 0.5m 17-Mar-2020,                                 unknown,                 H2O,1759165684,0.214,0.563,239.975,-0.001,-0.001,5.875,96.938,38.966,1.14,62.093,0.857,-4.681,0,0,0,38.438,1,13,2,4-13-2023_WL,0
270,    P-6826,   2025/09/29 12:11:53,           1-13,4,2.352,11.337,19276,0,1,              Cristobal 0.5m 17-Mar-2020,                                 unknown,                 H2O,1759166223,0.244,0.541,239.316,-0.002,0.001,5.857,97.327,39.235,1.145,61.689,0.857,-4.9,0,0,0,38.5,1,13,2,4-13-2023_WL,0
271,    P-6826,   2025/09/29 12:20:52,           1-13,5,2.331,11.261,19247,0,1,              Cristobal 0.5m 17-Mar-2020,                                 unknown,                 H2O,1759166763,0.238,0.538,237.651,-0.002,0.002,5.82,97.469,39.298,1.096,59.343,0.857,-5.183,0,0,0,38.625,1,13,2,4-13-2023_WL,0
272,    P-6826,   2025/09/29 12:29:52,           1-13,6,2.361,11.377,19175,0,1,              Cristobal 0.5m 17-Mar-2020,                                 unknown,                 H2O,1759167302,0.235,0.542,234.663,0,0.002,5.743,96.938,39.035,1.148,60.181,0.857,-5.13,0,0,0,38.625,1,13,2,4-13-2023_WL,0
273,    P-6826,   2025/09/29 12:38:51,           1-13,7,2.367,11.383,19184,0,1,              Cristobal 0.5m 17-Mar-2020,                                 unknown,                 H2O,1759167841,0.21,0.595,235.199,-0.001,0.001,5.756,96.753,39.559,1.116,60.074,0.857,-4.927,0,0,0,38.625,1,13,2,4-13-2023_WL,0
274,    P-6826,   2025/09/29 12:47:50,           1-13,8,2.323,11.301,19153,0,1,              Cristobal 0.5m 17-Mar-2020,                                 unknown,                 H2O,1759168380,0.228,0.541,237.73,-0.001,0.001,5.788,96.759,38.806,1.123,61.102,0.857,-4.943,0,0,0,38.625,1,13,2,4-13-2023_WL,0
275,    P-6827,   2025/09/29 12:57:18,           1-14,1,2.021,9.363,19498,-1,1,                               CR 200929,                                 unknown,                 H2O,1759168947,0.244,0.615,240.973,-0.001,0.003,5.9,98.732,39.532,1.175,62.415,0.857,-5.053,0,0,0,38.625,1,14,2,4-13-2023_WL,0
276,    P-6827,   2025/09/29 13:06:17,           1-14,2,1.946,8.945,19269,-1,1,                               CR 200929,                                 unknown,                 H2O,1759169487,0.225,0.551,243.186,-0.002,0.002,5.95,97.394,39.168,1.138,61.285,0.858,-4.967,0,0,0,38.562,1,14,2,4-13-2023_WL,0
277,    P-6827,   2025/09/29 13:15:16,           1-14,3,1.994,8.929,19194,-1,1,                               CR 200929,                                 unknown,                 H2O,1759170026,0.218,0.566,241.222,-0.002,0.003,5.94,97.132,38.658,1.166,61.185,0.858,-4.969,0,0,0,38.5,1,14,2,4-13-2023_WL,0
278,    P-6827,   2025/09/29 13:24:16,           1-14,4,2.026,8.949,19175,0,1,                               CR 200929,                                 unknown,                 H2O,1759170566,0.231,0.582,247.88,-0.001,0.001,6.075,97.09,38.637,1.142,60.583,0.856,-5.173,0,0,0,38.5,1,14,2,4-13-2023_WL,0
279,    P-6827,   2025/09/29 13:33:15,           1-14,5,1.956,8.804,19236,0,1,                               CR 200929,                                 unknown,                 H2O,1759171105,0.233,0.524,250.34,-0.001,0.002,6.128,97.294,39.129,1.129,60.405,0.857,-5.124,0,0,0,38.562,1,14,2,4-13-2023_WL,0
280,    P-6827,   2025/09/29 13:42:15,           1-14,6,1.963,8.889,19214,0,1,                               CR 200929,                                 unknown,                 H2O,1759171645,0.214,0.552,244.194,-0.001,0.002,5.974,96.879,39.423,1.136,60.881,0.858,-4.867,0,0,0,38.5,1,14,2,4-13-2023_WL,0
281,    P-6827,   2025/09/29 13:51:14,           1-14,7,1.978,8.884,19214,0,1,                               CR 200929,                                 unknown,                 H2O,1759172184,0.231,0.513,247.637,-0.001,0.001,6.066,97.082,39.247,1.116,60.35,0.857,-4.98,0,0,0,38.5,1,14,2,4-13-2023_WL,0
282,    P-6827,   2025/09/29 14:00:13,           1-14,8,2.009,8.742,19177,0,1,                               CR 200929,                                 unknown,                 H2O,1759172723,0.256,0.571,249.414,-0.001,0.002,6.108,96.843,38.883,1.137,61.417,0.857,-4.864,0,0,0,38.562,1,14,2,4-13-2023_WL,0
283,    P-6828,   2025/09/29 14:09:39,           1-15,1,2.063,8.269,19614,-1,1,                Cristobal OVD 6-Oct-2020,                                 unknown,                 H2O,1759173289,0.243,0.493,240.864,-0.001,0.001,5.861,99.235,39.64,1.188,63.765,0.857,-4.654,0,0,0,38.562,1,15,2,4-13-2023_WL,0
284,    P-6828,   2025/09/29 14:18:38,           1-15,2,1.912,7.675,19307,-1,1,                Cristobal OVD 6-Oct-2020,                                 unknown,                 H2O,1759173828,0.227,0.536,246.079,-0.002,0.002,5.989,97.58,39.254,1.129,61.408,0.857,-4.944,0,0,0,38.5,1,15,2,4-13-2023_WL,0
285,    P-6828,   2025/09/29 14:27:37,           1-15,3,1.917,7.777,19299,-1,1,                Cristobal OVD 6-Oct-2020,                                 unknown,                 H2O,1759174367,0.248,0.535,254.589,-0.002,0.002,6.199,97.446,38.991,1.158,62.507,0.857,-4.727,0,0,0,38.5,1,15,2,4-13-2023_WL,0
286,    P-6828,   2025/09/29 14:36:36,           1-15,4,2.013,7.952,19278,0,1,                Cristobal OVD 6-Oct-2020,                                 unknown,                 H2O,1759174906,0.219,0.577,240.556,-0.001,0.001,5.886,97.494,39.138,1.114,60.955,0.857,-4.913,0,0,0,38.5,1,15,2,4-13-2023_WL,0
287,    P-6828,   2025/09/29 14:45:35,           1-15,5,1.848,7.473,19210,0,1,                Cristobal OVD 6-Oct-2020,                                 unknown,                 H2O,1759175445,0.245,0.537,276.21,-0.001,0.002,6.723,97.082,39.25,1.078,60.073,0.857,-5.031,0,0,0,38.562,1,15,2,4-13-2023_WL,0
288,    P-6828,   2025/09/29 14:54:34,           1-15,6,2.029,7.952,19237,0,1,                Cristobal OVD 6-Oct-2020,                                 unknown,                 H2O,1759175984,0.237,0.499,241.743,-0.001,0.001,5.913,96.952,39.222,1.147,62.033,0.858,-4.703,0,0,0,38.5,1,15,2,4-13-2023_WL,0
289,    P-6828,   2025/09/29 15:03:33,           1-15,7,1.998,7.671,19239,0,1,                Cristobal OVD 6-Oct-2020,                                 unknown,                 H2O,1759176523,0.258,0.529,242.874,-0.001,0.002,5.948,97.217,38.936,1.173,61.675,0.857,-4.87,0,0,0,38.438,1,15,2,4-13-2023_WL,0
290,    P-6828,   2025/09/29 15:12:32,           1-15,8,1.938,7.661,19220,0,1,                Cristobal OVD 6-Oct-2020,                                 unknown,                 H2O,1759177062,0.238,0.549,254.438,-0.001,0.002,6.229,97.265,38.705,1.168,61.311,0.857,-4.965,0,0,0,38.5,1,15,2,4-13-2023_WL,0
291,    P-6829,   2025/09/29 15:21:58,           1-16,1,1.763,7.291,19714,-1,1,                    Cristobal 6-Oct-2020,                                 unknown,                 H2O,1759177628,0.223,0.534,259.991,-0.002,0.001,6.357,100.028,40.047,1.139,62.551,0.858,-5.173,0,0,0,38.438,1,16,2,4-13-2023_WL,0
292,    P-6829,   2025/09/29 15:30:57,           1-16,2,1.848,7.363,19330,-1,1,                    Cristobal 6-Oct-2020,                                 unknown,                 H2O,1759178167,0.225,0.568,246.486,0,0.002,6.033,97.833,39.261,1.128,61.07,0.857,-5.146,0,0,0,38.438,1,16,2,4-13-2023_WL,0
293,    P-6829,   2025/09/29 15:39:56,           1-16,3,1.726,7.266,19257,-1,1,                    Cristobal 6-Oct-2020,                                 unknown,                 H2O,1759178706,0.23,0.58,252.845,-0.002,0.002,6.182,97.109,39.349,1.155,61.44,0.858,-4.773,0,0,0,38.438,1,16,2,4-13-2023_WL,0
294,    P-6829,   2025/09/29 15:48:55,           1-16,4,1.835,7.445,19294,0,1,                    Cristobal 6-Oct-2020,                                 unknown,                 H2O,1759179244,0.234,0.518,243.285,-0.001,0,5.96,97.383,39.145,1.141,62.201,0.857,-4.839,0,0,0,38.438,1,16,2,4-13-2023_WL,0
295,    P-6829,   2025/09/29 15:57:54,           1-16,5,1.769,7.172,19229,0,1,                    Cristobal 6-Oct-2020,                                 unknown,                 H2O,1759179784,0.232,0.559,250.971,-0.002,0,6.139,97.192,38.83,1.112,61.617,0.858,-4.875,0,0,0,38.438,1,16,2,4-13-2023_WL,0
296,    P-6829,   2025/09/29 16:06:53,           1-16,6,1.847,7.383,19299,0,1,                    Cristobal 6-Oct-2020,                                 unknown,                 H2O,1759180324,0.245,0.567,240.858,-0.002,0,5.891,97.824,38.867,1.143,60.973,0.858,-5.231,0,0,0,38.5,1,16,2,4-13-2023_WL,0
297,    P-6829,   2025/09/29 16:15:52,           1-16,7,1.764,7.277,19258,0,1,                    Cristobal 6-Oct-2020,                                 unknown,                 H2O,1759180862,0.23,0.596,249.133,-0.002,0.003,6.099,97.427,38.489,1.169,62.582,0.857,-4.888,0,0,0,38.438,1,16,2,4-13-2023_WL,0
298,    P-6829,   2025/09/29 16:24:52,           1-16,8,1.788,7.328,19353,0,1,                    Cristobal 6-Oct-2020,                                 unknown,                 H2O,1759181402,0.225,0.466,244.701,-0.001,0,5.986,97.914,39.221,1.162,61.591,0.858,-4.932,0,0,0,38.438,1,16,2,4-13-2023_WL,0
299,    P-6830,   2025/09/29 16:34:18,           1-17,1,1.951,8.715,19532,-1,1,              Cristobal 0.5m 20-Oct-2020,                                 unknown,                 H2O,1759181968,0.244,0.506,247.391,-0.001,0.002,6.016,98.811,39.854,1.174,62.086,0.858,-4.951,0,0,0,38.438,1,17,2,4-13-2023_WL,0
300,    P-6830,   2025/09/29 16:43:17,           1-17,2,1.981,8.949,19209,-1,1,              Cristobal 0.5m 20-Oct-2020,                                 unknown,                 H2O,1759182507,0.256,0.604,239.839,0,0.002,5.868,97.051,38.421,1.202,62.839,0.857,-4.758,0,0,0,38.438,1,17,2,4-13-2023_WL,0
301,    P-6830,   2025/09/29 16:52:16,           1-17,3,1.996,8.906,19195,-1,1,              Cristobal 0.5m 20-Oct-2020,                                 unknown,                 H2O,1759183047,0.236,0.557,241.696,-0.001,0.001,5.914,97.211,38.696,1.169,60.464,0.858,-5.174,0,0,0,38.438,1,17,2,4-13-2023_WL,0
302,    P-6830,   2025/09/29 17:01:15,           1-17,4,1.994,8.922,19157,0,1,              Cristobal 0.5m 20-Oct-2020,                                 unknown,                 H2O,1759183586,0.267,0.526,243.834,-0.001,0.001,5.928,96.829,38.699,1.164,61.001,0.858,-4.985,0,0,0,38.438,1,17,2,4-13-2023_WL,0
303,    P-6830,   2025/09/29 17:10:14,           1-17,5,1.97,8.828,19175,0,1,              Cristobal 0.5m 20-Oct-2020,                                 unknown,                 H2O,1759184125,0.25,0.537,242.32,-0.001,0,5.93,96.796,39.265,1.141,60.211,0.858,-5.045,0,0,0,38.438,1,17,2,4-13-2023_WL,0
304,    P-6830,   2025/09/29 17:19:13,           1-17,6,2.024,8.88,19107,0,1,              Cristobal 0.5m 20-Oct-2020,                                 unknown,                 H2O,1759184663,0.222,0.535,241.468,-0.001,0,5.909,96.619,38.507,1.126,60.861,0.858,-5.077,0,0,0,38.375,1,17,2,4-13-2023_WL,0
305,    P-6830,   2025/09/29 17:28:12,           1-17,7,1.967,8.987,19155,0,1,              Cristobal 0.5m 20-Oct-2020,                                 unknown,                 H2O,1759185202,0.22,0.541,244.039,-0.002,0.002,5.972,96.56,38.901,1.16,61.746,0.857,-4.803,0,0,0,38.438,1,17,2,4-13-2023_WL,0
306,    P-6830,   2025/09/29 17:37:11,           1-17,8,2.021,8.915,19124,0,1,              Cristobal 0.5m 20-Oct-2020,                                 unknown,                 H2O,1759185741,0.24,0.469,243.317,-0.001,0.001,5.955,96.758,38.911,1.142,59.211,0.857,-5.228,0,0,0,38.375,1,17,2,4-13-2023_WL,0
307,    P-6831,   2025/09/29 17:46:37,           1-18,1,1.445,5.888,19814,-1,1,                                    KD-1,                                   drift,                 H2O,1759186308,0.241,0.513,244.314,-0.002,0.001,5.93,100.821,39.673,1.228,63.473,0.859,-5.207,0,0,0,38.438,1,18,2,4-13-2023_WL,0
308,    P-6831,   2025/09/29 17:55:37,           1-18,2,1.38,5.42,19448,-1,1,                                    KD-1,                                   drift,                 H2O,1759186847,0.241,0.551,237.44,-0.001,0.001,5.808,98.375,39.393,1.218,62.34,0.858,-4.976,0,0,0,38.375,1,18,2,4-13-2023_WL,0
309,    P-6831,   2025/09/29 18:04:36,           1-18,3,1.387,5.194,19396,-1,1,                                    KD-1,                                   drift,                 H2O,1759187387,0.236,0.601,241.251,-0.001,0.001,5.907,98.438,39.39,1.156,59.832,0.857,-5.327,0,0,0,38.375,1,18,2,4-13-2023_WL,0
310,    P-6831,   2025/09/29 18:13:35,           1-18,4,1.43,5.182,19439,0,1,                                    KD-1,                                   drift,                 H2O,1759187925,0.239,0.562,236.495,-0.002,0.001,5.815,98.351,39.526,1.191,61.714,0.859,-5.074,0,0,0,38.375,1,18,2,4-13-2023_WL,0
311,    P-6831,   2025/09/29 18:22:34,           1-18,5,1.328,5.226,19470,0,1,                                    KD-1,                                   drift,                 H2O,1759188464,0.221,0.529,239.849,-0.002,0.003,5.836,98.385,39.659,1.155,62.433,0.857,-4.789,0,0,0,38.375,1,18,2,4-13-2023_WL,0
312,    P-6831,   2025/09/29 18:31:33,           1-18,6,1.368,5.034,19470,0,1,                                    KD-1,                                   drift,                 H2O,1759189003,0.229,0.505,238.078,-0.001,0.002,5.825,98.517,39.655,1.187,61.913,0.857,-4.991,0,0,0,38.375,1,18,2,4-13-2023_WL,0
313,    P-6831,   2025/09/29 18:40:32,           1-18,7,1.332,4.945,19490,0,1,                                    KD-1,                                   drift,                 H2O,1759189542,0.246,0.559,240.179,-0.001,0,5.872,98.866,39.545,1.167,61.245,0.858,-5.232,0,0,0,38.375,1,18,2,4-13-2023_WL,0
314,    P-6831,   2025/09/29 18:49:31,           1-18,8,1.36,5.164,19520,0,1,                                    KD-1,                                   drift,                 H2O,1759190082,0.239,0.571,238.619,-0.002,0,5.827,98.857,38.96,1.196,64.104,0.86,-4.782,0,0,0,38.312,1,18,2,4-13-2023_WL,0
315,    P-6832,   2025/09/29 18:58:57,           1-19,1,-0.612,2.813,19667,-1,1,                                  USGS48,                                      QC,                 H2O,1759190647,0.255,0.526,237.67,-0.001,0.001,5.778,99.75,40.156,1.159,61.64,0.858,-5.122,0,0,0,38.312,1,19,2,4-13-2023_WL,0
316,    P-6832,   2025/09/29 19:07:56,           1-19,2,-0.676,2.645,19357,-1,1,                                  USGS48,                                      QC,                 H2O,1759191187,0.229,0.618,230.019,-0.002,0.001,5.598,97.956,39.241,1.149,61.228,0.857,-4.998,0,0,0,38.375,1,19,2,4-13-2023_WL,0
317,    P-6832,   2025/09/29 19:16:55,           1-19,3,-0.768,2.386,19347,-1,1,                                  USGS48,                                      QC,                 H2O,1759191725,0.24,0.606,231.099,-0.001,0.001,5.653,97.985,38.99,1.152,61.521,0.858,-5.131,0,0,0,38.375,1,19,2,4-13-2023_WL,0
318,    P-6832,   2025/09/29 19:25:54,           1-19,4,-0.81,2.268,19331,0,1,                                  USGS48,                                      QC,                 H2O,1759192264,0.231,0.578,233.129,-0.002,0.002,5.709,97.941,38.96,1.103,61.37,0.857,-5.005,0,0,0,38.312,1,19,2,4-13-2023_WL,0
319,    P-6832,   2025/09/29 19:34:53,           1-19,5,-0.755,2.374,19331,0,1,                                  USGS48,                                      QC,                 H2O,1759192803,0.227,0.566,230.193,-0.001,0.001,5.633,97.908,38.826,1.21,62.018,0.858,-4.987,0,0,0,38.312,1,19,2,4-13-2023_WL,0
320,    P-6832,   2025/09/29 19:43:52,           1-19,6,              ,              ,              ,        ,     ,                                  USGS48,                                      QC,                 H2O,              ,              ,              ,              ,              ,              ,              ,              ,              ,              ,              ,              ,              ,              ,              ,     ,              ,1,19,2,4-13-2023_WL,0
321,    P-6832,   2025/09/29 19:53:55,           1-19,7,              ,              ,              ,        ,     ,                                  USGS48,                                      QC,                 H2O,              ,              ,              ,              ,              ,              ,              ,              ,              ,              ,              ,              ,              ,              ,              ,     ,              ,1,19,2,4-13-2023_WL,0
322,    P-6832,   2025/09/29 20:03:58,           1-19,8,              ,              ,              ,        ,     ,                                  USGS48,                                      QC,                 H2O,              ,              ,              ,              ,              ,              ,              ,              ,              ,              ,              ,              ,              ,              ,              ,     ,              ,1,19,2,4-13-2023_WL,0
323,    P-6833,   2025/09/29 20:14:29,           1-20,1,1.734,6.426,18855,-1,1,                    Cristobal 2-Nov-2020,                                 unknown,                 H2O,1759195180,0.224,0.543,190.906,-0.001,-0.001,4.664,94.635,38.509,1.154,61.517,0.859,-4.497,0,0,0,38.312,1,20,2,4-13-2023_WL,0
324,    P-6833,   2025/09/29 20:23:28,           1-20,2,1.802,7.105,18934,-1,1,                    Cristobal 2-Nov-2020,                                 unknown,                 H2O,1759195719,0.226,0.552,206.79,-0.001,-0.001,5.062,95.36,38.327,1.143,61.159,0.857,-4.697,0,0,0,38.312,1,20,2,4-13-2023_WL,0
325,    P-6833,   2025/09/29 20:32:27,           1-20,3,1.792,7.232,18965,-1,1,                    Cristobal 2-Nov-2020,                                 unknown,                 H2O,1759196258,0.229,0.532,215.528,-0.001,-0.001,5.308,95.563,38.927,1.082,59.381,0.857,-4.876,0,0,0,38.312,1,20,2,4-13-2023_WL,0
326,    P-6833,   2025/09/29 20:41:26,           1-20,4,1.788,7.222,18993,0,1,                    Cristobal 2-Nov-2020,                                 unknown,                 H2O,1759196797,0.244,0.53,226.006,-0.002,0,5.53,95.596,38.971,1.146,60.477,0.857,-4.837,0,0,0,38.25,1,20,2,4-13-2023_WL,0
327,    P-6833,   2025/09/29 20:50:25,           1-20,5,1.838,7.53,19018,0,1,                    Cristobal 2-Nov-2020,                                 unknown,                 H2O,1759197336,0.211,0.516,229.72,-0.001,0,5.63,95.652,38.259,1.154,62.991,0.856,-4.458,0,0,0,38.375,1,20,2,4-13-2023_WL,0
328,    P-6833,   2025/09/29 20:59:24,           1-20,6,1.771,7.393,19031,0,1,                    Cristobal 2-Nov-2020,                                 unknown,                 H2O,1759197874,0.231,0.542,231.903,-0.001,-0.001,5.673,95.809,38.762,1.157,61.217,0.857,-4.667,0,0,0,38.375,1,20,2,4-13-2023_WL,0
329,    P-6833,   2025/09/29 21:08:23,           1-20,7,1.773,7.37,19262,0,1,                    Cristobal 2-Nov-2020,                                 unknown,                 H2O,1759198413,0.243,0.503,233.197,-0.002,0,5.704,97.227,39.723,1.125,60.018,0.858,-5.032,0,0,0,38.438,1,20,2,4-13-2023_WL,0
330,    P-6833,   2025/09/29 21:17:22,           1-20,8,1.782,7.539,19277,0,1,                    Cristobal 2-Nov-2020,                                 unknown,                 H2O,1759198952,0.232,0.562,235.157,0,0,5.72,97.564,39.221,1.121,60.237,0.858,-5.1,0,0,0,38.562,1,20,2,4-13-2023_WL,0
331,    P-6834,   2025/09/29 21:26:49,           1-21,1,1.88,8.454,19588,-1,1,                   Cristobal 17-Nov-2020,                                 unknown,                 H2O,1759199519,0.237,0.556,241.265,-0.001,0.003,5.877,99.075,39.512,1.191,64.285,0.856,-4.715,0,0,0,38.625,1,21,2,4-13-2023_WL,0
332,    P-6834,   2025/09/29 21:35:49,           1-21,2,1.973,8.452,19181,-1,1,                   Cristobal 17-Nov-2020,                                 unknown,                 H2O,1759200059,0.232,0.523,235.59,-0.001,0,5.761,96.841,38.775,1.14,61.986,0.858,-4.896,0,0,0,38.562,1,21,2,4-13-2023_WL,0
333,    P-6834,   2025/09/29 21:44:48,           1-21,3,2.004,8.56,19202,-1,1,                   Cristobal 17-Nov-2020,                                 unknown,                 H2O,1759200598,0.238,0.584,236.73,-0.001,0,5.797,97.341,38.841,1.176,59.715,0.857,-5.254,0,0,0,38.562,1,21,2,4-13-2023_WL,0
334,    P-6834,   2025/09/29 21:53:47,           1-21,4,2,8.743,19270,0,1,                   Cristobal 17-Nov-2020,                                 unknown,                 H2O,1759201137,0.25,0.509,238.297,-0.001,-0.001,5.834,97.585,39.033,1.114,60.457,0.857,-5.125,0,0,0,38.5,1,21,2,4-13-2023_WL,0
335,    P-6834,   2025/09/29 22:02:46,           1-21,5,1.996,8.603,18904,0,1,                   Cristobal 17-Nov-2020,                                 unknown,                 H2O,1759201676,0.231,0.57,237.254,0,0.001,5.809,95.198,38.614,1.115,59.903,0.857,-4.97,0,0,0,38.438,1,21,2,4-13-2023_WL,0
336,    P-6834,   2025/09/29 22:11:45,           1-21,6,1.973,8.638,19188,0,1,                   Cristobal 17-Nov-2020,                                 unknown,                 H2O,1759202216,0.23,0.54,236.697,-0.001,-0.001,5.791,96.856,39.198,1.123,60.376,0.857,-5.013,0,0,0,38.375,1,21,2,4-13-2023_WL,0
337,    P-6834,   2025/09/29 22:20:44,           1-21,7,1.971,8.794,19194,0,1,                   Cristobal 17-Nov-2020,                                 unknown,                 H2O,1759202755,0.245,0.607,239.23,0,0,5.861,96.652,38.953,1.162,62.639,0.857,-4.681,0,0,0,38.375,1,21,2,4-13-2023_WL,0
338,    P-6834,   2025/09/29 22:29:43,           1-21,8,1.991,8.782,19212,0,1,                   Cristobal 17-Nov-2020,                                 unknown,                 H2O,1759203293,0.236,0.55,240.206,-0.001,-0.001,5.91,97.002,38.977,1.163,61.373,0.858,-4.922,0,0,0,38.375,1,21,2,4-13-2023_WL,0
339,    P-6835,   2025/09/29 22:39:08,           1-22,1,1.774,7.184,19643,-1,1,                    Cristobal 1-Dec-2020,                                 unknown,                 H2O,1759203858,0.209,0.573,247.191,-0.001,0.001,6.082,99.728,39.401,1.162,62.761,0.858,-5.132,0,0,0,38.375,1,22,2,4-13-2023_WL,0
340,    P-6835,   2025/09/29 22:48:07,           1-22,2,1.868,6.924,19280,-1,1,                    Cristobal 1-Dec-2020,                                 unknown,                 H2O,1759204397,0.232,0.523,238.742,-0.001,-0.001,5.841,97.673,38.876,1.13,60.704,0.857,-5.084,0,0,0,38.375,1,22,2,4-13-2023_WL,0
341,    P-6835,   2025/09/29 22:57:06,           1-22,3,1.794,6.726,19265,-1,1,                    Cristobal 1-Dec-2020,                                 unknown,                 H2O,1759204935,0.226,0.537,244.983,-0.001,0,5.994,97.264,39.621,1.133,60.164,0.857,-5.013,0,0,0,38.375,1,22,2,4-13-2023_WL,0
342,    P-6835,   2025/09/29 23:06:04,           1-22,4,1.798,6.731,19195,0,1,                    Cristobal 1-Dec-2020,                                 unknown,                 H2O,1759205474,0.216,0.517,242.875,-0.001,0.002,5.947,97.097,38.729,1.134,60.841,0.857,-5.043,0,0,0,38.375,1,22,2,4-13-2023_WL,0
343,    P-6835,   2025/09/29 23:15:03,           1-22,5,1.854,6.811,19103,0,1,                    Cristobal 1-Dec-2020,                                 unknown,                 H2O,1759206012,0.226,0.535,240.321,-0.001,0.001,5.883,96.35,38.637,1.174,61.552,0.857,-4.806,0,0,0,38.312,1,22,2,4-13-2023_WL,0
344,    P-6835,   2025/09/29 23:24:01,           1-22,6,1.806,6.694,19166,0,1,                    Cristobal 1-Dec-2020,                                 unknown,                 H2O,1759206551,0.225,0.55,241.649,-0.001,0.001,5.915,97.174,38.643,1.17,59.686,0.857,-5.308,0,0,0,38.375,1,22,2,4-13-2023_WL,0
345,    P-6835,   2025/09/29 23:32:59,           1-22,7,1.802,6.708,19157,0,1,                    Cristobal 1-Dec-2020,                                 unknown,                 H2O,1759207090,0.234,0.578,240.192,-0.001,0.001,5.878,96.735,38.786,1.16,61.295,0.858,-4.911,0,0,0,38.375,1,22,2,4-13-2023_WL,0
346,    P-6835,   2025/09/29 23:41:59,           1-22,8,1.759,6.848,19214,0,1,                    Cristobal 1-Dec-2020,                                 unknown,                 H2O,1759207629,0.21,0.56,241.704,0,0,5.916,97.158,38.408,1.198,62.112,0.858,-4.827,0,0,0,38.312,1,22,2,4-13-2023_WL,0
347,    P-6836,   2025/09/29 23:51:24,           1-23,1,1.588,6.224,19583,-1,1,              Cristobal 0.5m 15-Dec-2020,                                 unknown,                 H2O,1759208194,0.207,0.587,247.088,-0.001,0,6.04,99.31,39.625,1.187,62.217,0.858,-5.153,0,0,0,38.375,1,23,2,4-13-2023_WL,0
348,    P-6836,   2025/09/30 00:00:23,           1-23,2,1.546,5.983,19213,-1,1,              Cristobal 0.5m 15-Dec-2020,                                 unknown,                 H2O,1759208732,0.241,0.546,241.684,0,0,5.913,97.009,38.998,1.18,61.262,0.858,-5.015,0,0,0,38.312,1,23,2,4-13-2023_WL,0
349,    P-6836,   2025/09/30 00:09:21,           1-23,3,1.572,6.127,19342,-1,1,              Cristobal 0.5m 15-Dec-2020,                                 unknown,                 H2O,1759209271,0.232,0.521,241.677,-0.001,0.002,5.918,97.771,38.876,1.202,62.81,0.857,-4.846,0,0,0,38.312,1,23,2,4-13-2023_WL,0
350,    P-6836,   2025/09/30 00:18:20,           1-23,4,1.554,6.056,19217,0,1,              Cristobal 0.5m 15-Dec-2020,                                 unknown,                 H2O,1759209810,0.231,0.601,240.469,-0.002,0.002,5.922,97.191,38.835,1.156,60.861,0.857,-5.039,0,0,0,38.25,1,23,2,4-13-2023_WL,0
351,    P-6836,   2025/09/30 00:27:19,           1-23,5,1.578,6.02,19203,0,1,              Cristobal 0.5m 15-Dec-2020,                                 unknown,                 H2O,1759210349,0.226,0.538,242.962,-0.001,0.001,5.944,97.158,38.907,1.14,60.45,0.857,-5.153,0,0,0,38.312,1,23,2,4-13-2023_WL,0
352,    P-6836,   2025/09/30 00:36:17,           1-23,6,1.553,5.93,19249,0,1,              Cristobal 0.5m 15-Dec-2020,                                 unknown,                 H2O,1759210887,0.249,0.549,246.383,-0.001,0.001,6.031,97.399,39.234,1.147,60.055,0.857,-5.15,0,0,0,38.375,1,23,2,4-13-2023_WL,0
353,    P-6836,   2025/09/30 00:45:16,           1-23,7,1.527,5.874,19274,0,1,              Cristobal 0.5m 15-Dec-2020,                                 unknown,                 H2O,1759211426,0.214,0.61,244.378,-0.001,0.002,5.983,97.593,39.218,1.138,59.962,0.857,-5.204,0,0,0,38.562,1,23,2,4-13-2023_WL,0
354,    P-6836,   2025/09/30 00:54:15,           1-23,8,1.56,6.118,19185,0,1,              Cristobal 0.5m 15-Dec-2020,                                 unknown,                 H2O,1759211964,0.219,0.542,241.738,-0.001,0,5.919,96.899,38.918,1.121,61.119,0.857,-4.915,0,0,0,38.562,1,23,2,4-13-2023_WL,0
355,    P-6837,   2025/09/30 01:03:40,           1-24,1,1.368,5.14,19608,-1,1,                                    KD-1,                                   drift,                 H2O,1759212530,0.221,0.516,243.537,-0.001,0.002,5.959,99.249,40.212,1.153,61.722,0.857,-5.015,0,0,0,38.5,1,24,2,4-13-2023_WL,0
356,    P-6837,   2025/09/30 01:12:39,           1-24,2,1.323,4.922,19534,-1,1,                                    KD-1,                                   drift,                 H2O,1759213069,0.22,0.568,249.688,0,0.003,6.111,98.886,39.984,1.151,61.336,0.857,-5.072,0,0,0,38.562,1,24,2,4-13-2023_WL,0
357,    P-6837,   2025/09/30 01:21:38,           1-24,3,1.3,5.058,19494,-1,1,                                    KD-1,                                   drift,                 H2O,1759213608,0.234,0.511,241.06,0,0,5.861,98.733,39.289,1.152,62.677,0.858,-4.898,0,0,0,38.5,1,24,2,4-13-2023_WL,0
358,    P-6837,   2025/09/30 01:30:36,           1-24,4,1.332,5.083,19426,0,1,                                    KD-1,                                   drift,                 H2O,1759214146,0.237,0.577,241.512,-0.002,0.002,5.884,98.133,39.613,1.159,62.25,0.856,-4.814,0,0,0,38.5,1,24,2,4-13-2023_WL,0
359,    P-6837,   2025/09/30 01:39:35,           1-24,5,1.394,5.095,19393,0,1,                                    KD-1,                                   drift,                 H2O,1759214686,0.247,0.568,237.078,0,-0.001,5.766,98.196,38.984,1.192,62.311,0.857,-4.859,0,0,0,38.438,1,24,2,4-13-2023_WL,0
360,    P-6837,   2025/09/30 01:48:34,           1-24,6,1.406,5.084,19388,0,1,                                    KD-1,                                   drift,                 H2O,1759215224,0.236,0.63,232.428,-0.002,0.001,5.69,98.193,39.075,1.164,61.934,0.857,-4.982,0,0,0,38.375,1,24,2,4-13-2023_WL,0
361,    P-6837,   2025/09/30 01:57:32,           1-24,7,1.326,5.105,19485,0,1,                                    KD-1,                                   drift,                 H2O,1759215763,0.21,0.571,232.835,-0.001,0.001,5.695,98.617,39.548,1.177,61.847,0.858,-4.942,0,0,0,38.375,1,24,2,4-13-2023_WL,0
362,    P-6837,   2025/09/30 02:06:31,           1-24,8,1.416,5.007,19377,0,1,                                    KD-1,                                   drift,                 H2O,1759216302,0.208,0.522,230.391,-0.001,-0.001,5.639,98.114,39.527,1.12,60.429,0.857,-5.143,0,0,0,38.438,1,24,2,4-13-2023_WL,0
363,    P-6838,   2025/09/30 02:15:57,           1-25,1,1.681,7.064,19410,-1,1,                    Cristobal 5-Jan-2021,                                 unknown,                 H2O,1759216866,0.239,0.533,235.049,-0.002,0.001,5.75,98.029,39.41,1.177,62.515,0.857,-4.903,0,0,0,38.438,1,25,2,4-13-2023_WL,0
364,    P-6838,   2025/09/30 02:24:55,           1-25,2,1.739,7.379,19324,-1,1,                    Cristobal 5-Jan-2021,                                 unknown,                 H2O,1759217406,0.233,0.571,231.192,-0.001,0,5.66,97.73,39.091,1.142,61.801,0.857,-4.919,0,0,0,38.375,1,25,2,4-13-2023_WL,0
365,    P-6838,   2025/09/30 02:33:54,           1-25,3,1.786,7.317,19192,-1,1,                    Cristobal 5-Jan-2021,                                 unknown,                 H2O,1759217944,0.22,0.569,238.025,-0.001,0,5.791,97.106,38.827,1.13,60.668,0.857,-5.126,0,0,0,38.375,1,25,2,4-13-2023_WL,0
366,    P-6838,   2025/09/30 02:42:53,           1-25,4,1.666,7.282,19103,0,1,                    Cristobal 5-Jan-2021,                                 unknown,                 H2O,1759218483,0.231,0.629,244.97,-0.001,0,5.996,96.417,38.182,1.116,62.479,0.857,-4.672,0,0,0,38.312,1,25,2,4-13-2023_WL,0
367,    P-6838,   2025/09/30 02:51:51,           1-25,5,1.79,7.473,19134,0,1,                    Cristobal 5-Jan-2021,                                 unknown,                 H2O,1759219022,0.237,0.592,237.415,-0.001,0.001,5.843,96.87,38.481,1.142,60.242,0.858,-5.099,0,0,0,38.312,1,25,2,4-13-2023_WL,0
368,    P-6838,   2025/09/30 03:00:51,           1-25,6,1.72,7.325,19223,0,1,                    Cristobal 5-Jan-2021,                                 unknown,                 H2O,1759219561,0.2,0.604,242.146,0,0,5.962,97.182,39.11,1.132,60.332,0.857,-5.17,0,0,0,38.375,1,25,2,4-13-2023_WL,0
369,    P-6838,   2025/09/30 03:09:49,           1-25,7,1.723,7.229,19194,0,1,                    Cristobal 5-Jan-2021,                                 unknown,                 H2O,1759220099,0.244,0.541,244.945,-0.001,0.003,5.994,96.919,39.574,1.123,59.407,0.858,-5.161,0,0,0,38.375,1,25,2,4-13-2023_WL,0
370,    P-6838,   2025/09/30 03:18:48,           1-25,8,1.727,7.498,19237,0,1,                    Cristobal 5-Jan-2021,                                 unknown,                 H2O,1759220638,0.23,0.578,243.106,-0.002,0,5.908,97.465,38.713,1.122,60.702,0.858,-5.151,0,0,0,38.375,1,25,2,4-13-2023_WL,0
371,    P-6839,   2025/09/30 03:28:14,           1-26,1,1.781,7.935,19640,-1,1,                   Cristobal 18-Jan-2021,                                 unknown,                 H2O,1759221204,0.227,0.588,241.331,-0.002,0.002,5.905,99.606,40.05,1.136,61.39,0.858,-5.14,0,0,0,38.312,1,26,2,4-13-2023_WL,0
372,    P-6839,   2025/09/30 03:37:13,           1-26,2,1.789,7.813,19273,-1,1,                   Cristobal 18-Jan-2021,                                 unknown,                 H2O,1759221743,0.215,0.547,240.695,-0.001,0.001,5.884,97.296,39.441,1.151,61.068,0.859,-4.978,0,0,0,38.312,1,26,2,4-13-2023_WL,0
373,    P-6839,   2025/09/30 03:46:11,           1-26,3,1.883,7.912,19246,-1,1,                   Cristobal 18-Jan-2021,                                 unknown,                 H2O,1759222282,0.248,0.578,239.732,-0.001,0.001,5.862,97.248,39.367,1.124,60.333,0.858,-5.039,0,0,0,38.312,1,26,2,4-13-2023_WL,0
374,    P-6839,   2025/09/30 03:55:10,           1-26,4,1.721,7.772,19214,0,1,                   Cristobal 18-Jan-2021,                                 unknown,                 H2O,1759222821,0.238,0.611,244.113,-0.001,0.001,5.971,97.057,38.854,1.16,61.731,0.858,-4.92,0,0,0,38.312,1,26,2,4-13-2023_WL,0
375,    P-6839,   2025/09/30 04:04:10,           1-26,5,1.804,7.937,19213,0,1,                   Cristobal 18-Jan-2021,                                 unknown,                 H2O,1759223360,0.203,0.535,245.97,-0.001,0,5.985,96.927,38.797,1.135,62.321,0.857,-4.735,0,0,0,38.438,1,26,2,4-13-2023_WL,0
376,    P-6839,   2025/09/30 04:13:09,           1-26,6,1.757,7.766,19226,0,1,                   Cristobal 18-Jan-2021,                                 unknown,                 H2O,1759223899,0.216,0.557,242.025,-0.001,0.001,5.928,97.178,39.226,1.107,60.121,0.857,-5.036,0,0,0,38.625,1,26,2,4-13-2023_WL,0
377,    P-6839,   2025/09/30 04:22:07,           1-26,7,1.771,7.795,19184,0,1,                   Cristobal 18-Jan-2021,                                 unknown,                 H2O,1759224437,0.245,0.6,244.886,-0.002,0.002,5.963,96.99,38.652,1.127,61.209,0.857,-4.939,0,0,0,38.625,1,26,2,4-13-2023_WL,0
378,    P-6839,   2025/09/30 04:31:06,           1-26,8,1.79,7.756,19268,0,1,                   Cristobal 18-Jan-2021,                                 unknown,                 H2O,1759224976,0.239,0.532,244.552,-0.001,0,5.99,97.282,39.449,1.128,60.644,0.857,-4.972,0,0,0,38.562,1,26,2,4-13-2023_WL,0
379,    P-6840,   2025/09/30 04:40:33,           1-27,1,2.167,9.263,19291,-1,1,                    Cristobal 2-Feb-2021,                                 unknown,                 H2O,1759225543,0.198,0.568,237.237,0,0,5.807,97.428,39.104,1.153,61.793,0.857,-4.892,0,0,0,38.5,1,27,2,4-13-2023_WL,0
380,    P-6840,   2025/09/30 04:49:31,           1-27,2,2.091,9.183,19106,-1,1,                    Cristobal 2-Feb-2021,                                 unknown,                 H2O,1759226081,0.231,0.5,242.784,-0.001,0.001,5.905,96.439,39.116,1.118,59.527,0.857,-4.98,0,0,0,38.438,1,27,2,4-13-2023_WL,0
381,    P-6840,   2025/09/30 04:58:30,           1-27,3,2.174,9.236,19092,-1,1,                    Cristobal 2-Feb-2021,                                 unknown,                 H2O,1759226620,0.226,0.561,241.745,-0.001,0.001,5.915,96.278,38.763,1.151,61.042,0.858,-4.896,0,0,0,38.438,1,27,2,4-13-2023_WL,0
382,    P-6840,   2025/09/30 05:07:29,           1-27,4,2.16,9.177,19014,0,1,                    Cristobal 2-Feb-2021,                                 unknown,                 H2O,1759227159,0.207,0.608,244.991,-0.001,0.002,5.989,96.046,38.638,1.16,59.577,0.858,-5.142,0,0,0,38.438,1,27,2,4-13-2023_WL,0
383,    P-6840,   2025/09/30 05:16:28,           1-27,5,2.248,9.313,19014,0,1,                    Cristobal 2-Feb-2021,                                 unknown,                 H2O,1759227698,0.217,0.508,240.256,-0.001,0.002,5.915,96.007,38.607,1.128,59.938,0.858,-4.994,0,0,0,38.375,1,27,2,4-13-2023_WL,0
384,    P-6840,   2025/09/30 05:25:27,           1-27,6,2.164,9.327,19098,0,1,                    Cristobal 2-Feb-2021,                                 unknown,                 H2O,1759228237,0.244,0.566,241.128,0,0,5.898,96.19,39.421,1.116,59.619,0.858,-4.963,0,0,0,38.375,1,27,2,4-13-2023_WL,0
385,    P-6840,   2025/09/30 05:34:26,           1-27,7,2.199,9.591,19137,0,1,                    Cristobal 2-Feb-2021,                                 unknown,                 H2O,1759228776,0.229,0.59,239.776,-0.001,0.001,5.904,96.302,39.02,1.162,61.933,0.857,-4.661,0,0,0,38.438,1,27,2,4-13-2023_WL,0
386,    P-6840,   2025/09/30 05:43:24,           1-27,8,2.152,9.271,19075,0,1,                    Cristobal 2-Feb-2021,                                 unknown,                 H2O,1759229315,0.225,0.601,242.221,-0.001,0.003,5.893,96.227,38.69,1.16,60.835,0.857,-4.966,0,0,0,38.312,1,27,2,4-13-2023_WL,0
387,    P-6841,   2025/09/30 05:52:50,           1-28,1,2.016,9.579,19649,-1,1,              Cristobal 0.5m 15-Feb-2021,                                 unknown,                 H2O,1759229881,0.242,0.55,247.119,-0.002,0.003,6.007,99.828,39.623,1.239,62.107,0.858,-5.192,0,0,0,38.312,1,28,2,4-13-2023_WL,0
388,    P-6841,   2025/09/30 06:01:49,           1-28,2,2.058,9.622,19204,-1,1,              Cristobal 0.5m 15-Feb-2021,                                 unknown,                 H2O,1759230419,0.222,0.588,240.403,0,-0.001,5.887,96.745,39.371,1.175,61.225,0.857,-4.906,0,0,0,38.312,1,28,2,4-13-2023_WL,0
389,    P-6841,   2025/09/30 06:10:48,           1-28,3,2.011,9.531,19134,-1,1,              Cristobal 0.5m 15-Feb-2021,                                 unknown,                 H2O,1759230958,0.241,0.556,241.796,-0.001,0,5.919,96.687,38.423,1.155,61.537,0.857,-4.919,0,0,0,38.312,1,28,2,4-13-2023_WL,0
390,    P-6841,   2025/09/30 06:19:47,           1-28,4,2.011,9.599,19074,0,1,              Cristobal 0.5m 15-Feb-2021,                                 unknown,                 H2O,1759231496,0.221,0.551,247.594,0,0.003,6.06,96.091,38.577,1.195,61.796,0.858,-4.661,0,0,0,38.312,1,28,2,4-13-2023_WL,0
391,    P-6841,   2025/09/30 06:28:45,           1-28,5,2.08,9.565,19107,0,1,              Cristobal 0.5m 15-Feb-2021,                                 unknown,                 H2O,1759232035,0.226,0.525,243.285,-0.001,0.001,5.953,96.229,38.933,1.144,61.404,0.857,-4.839,0,0,0,38.312,1,28,2,4-13-2023_WL,0
392,    P-6841,   2025/09/30 06:37:44,           1-28,6,2.041,9.543,19223,0,1,              Cristobal 0.5m 15-Feb-2021,                                 unknown,                 H2O,1759232574,0.213,0.612,241.514,-0.001,0.002,5.908,97.453,38.902,1.092,59.592,0.858,-5.289,0,0,0,38.5,1,28,2,4-13-2023_WL,0
393,    P-6841,   2025/09/30 06:46:43,           1-28,7,2.019,9.544,19204,0,1,              Cristobal 0.5m 15-Feb-2021,                                 unknown,                 H2O,1759233113,0.221,0.503,239.752,0,0,5.864,97.022,39.154,1.101,60.4,0.858,-5.106,0,0,0,38.625,1,28,2,4-13-2023_WL,0
394,    P-6841,   2025/09/30 06:55:42,           1-28,8,2.007,9.589,19145,0,1,              Cristobal 0.5m 15-Feb-2021,                                 unknown,                 H2O,1759233652,0.225,0.539,243.462,-0.002,0.001,5.961,96.457,39.48,1.117,60.037,0.857,-4.767,0,0,0,38.625,1,28,2,4-13-2023_WL,0
395,    P-6842,   2025/09/30 07:05:06,           1-29,1,2.189,10.503,19266,-1,1,                   Cristobal 15-Mar-2021,                                 unknown,                 H2O,1759234216,0.233,0.494,246.242,-0.001,0.001,5.992,97.546,38.83,1.179,60.923,0.857,-5.071,0,0,0,38.562,1,29,2,4-13-2023_WL,0
396,    P-6842,   2025/09/30 07:14:05,           1-29,2,2.318,10.838,19232,-1,1,                   Cristobal 15-Mar-2021,                                 unknown,                 H2O,1759234755,0.24,0.619,238.955,-0.001,-0.003,5.85,97.137,39.009,1.15,61.308,0.857,-5.024,0,0,0,38.5,1,29,2,4-13-2023_WL,0
397,    P-6842,   2025/09/30 07:23:03,           1-29,3,2.22,10.651,19205,-1,1,                   Cristobal 15-Mar-2021,                                 unknown,                 H2O,1759235293,0.25,0.544,247.285,-0.002,0.002,6.05,97.224,38.341,1.155,61.747,0.858,-4.978,0,0,0,38.438,1,29,2,4-13-2023_WL,0
398,    P-6842,   2025/09/30 07:32:02,           1-29,4,2.216,10.696,19139,0,1,                   Cristobal 15-Mar-2021,                                 unknown,                 H2O,1759235832,0.233,0.561,245.443,-0.002,0,6.01,96.456,38.921,1.18,61.373,0.857,-4.869,0,0,0,38.438,1,29,2,4-13-2023_WL,0
399,    P-6842,   2025/09/30 07:41:01,           1-29,5,2.302,10.795,19136,0,1,                   Cristobal 15-Mar-2021,                                 unknown,                 H2O,1759236371,0.231,0.588,240.736,-0.001,0.001,5.932,96.597,38.868,1.168,60.745,0.857,-5.002,0,0,0,38.438,1,29,2,4-13-2023_WL,0
400,    P-6842,   2025/09/30 07:50:00,           1-29,6,2.212,10.68,19084,0,1,                   Cristobal 15-Mar-2021,                                 unknown,                 H2O,1759236911,0.228,0.556,245.251,0,0.001,6.005,96.234,38.675,1.159,61.27,0.857,-4.789,0,0,0,38.375,1,29,2,4-13-2023_WL,0
401,    P-6842,   2025/09/30 07:58:59,           1-29,7,2.232,10.693,19076,0,1,                   Cristobal 15-Mar-2021,                                 unknown,                 H2O,1759237449,0.258,0.555,250.683,-0.001,0.001,6.131,95.967,39.098,1.2,60.948,0.858,-4.786,0,0,0,38.375,1,29,2,4-13-2023_WL,0
402,    P-6842,   2025/09/30 08:07:58,           1-29,8,2.313,11.054,19110,0,1,                   Cristobal 15-Mar-2021,                                 unknown,                 H2O,1759237988,0.237,0.514,241.145,-0.001,0,5.905,96.331,38.389,1.157,62.393,0.857,-4.64,0,0,0,38.438,1,29,2,4-13-2023_WL,0
403,    P-6843,   2025/09/30 08:17:22,           1-30,1,1.484,6.215,19747,-1,1,                                    KD-1,                                   drift,                 H2O,1759238553,0.221,0.572,243.645,-0.002,0.003,5.961,100.197,39.882,1.207,63.479,0.858,-4.999,0,0,0,38.375,1,30,2,4-13-2023_WL,0
404,    P-6843,   2025/09/30 08:26:21,           1-30,2,1.464,5.611,19263,-1,1,                                    KD-1,                                   drift,                 H2O,1759239091,0.253,0.524,238.369,-0.001,0.002,5.837,97.388,38.745,1.201,61.947,0.857,-4.892,0,0,0,38.375,1,30,2,4-13-2023_WL,0
405,    P-6843,   2025/09/30 08:35:19,           1-30,3,1.463,5.428,19161,-1,1,                                    KD-1,                                   drift,                 H2O,1759239629,0.225,0.633,237.064,-0.002,0.003,5.803,96.877,38.693,1.161,60.591,0.857,-5.069,0,0,0,38.312,1,30,2,4-13-2023_WL,0
406,    P-6843,   2025/09/30 08:44:18,           1-30,4,1.434,5.308,19048,0,1,                                    KD-1,                                   drift,                 H2O,1759240168,0.224,0.552,237.608,-0.001,0.001,5.815,96.107,38.54,1.144,60.943,0.858,-4.908,0,0,0,38.312,1,30,2,4-13-2023_WL,0
407,    P-6843,   2025/09/30 08:53:16,           1-30,5,1.465,5.295,19074,0,1,                                    KD-1,                                   drift,                 H2O,1759240706,0.222,0.557,232.172,-0.001,-0.001,5.675,96.307,38.674,1.148,60.068,0.858,-5.046,0,0,0,38.312,1,30,2,4-13-2023_WL,0
408,    P-6843,   2025/09/30 09:02:15,           1-30,6,1.461,5.266,19047,0,1,                                    KD-1,                                   drift,                 H2O,1759241245,0.186,0.53,229.883,-0.001,-0.001,5.628,96.334,38.239,1.143,60.383,0.857,-5.067,0,0,0,38.312,1,30,2,4-13-2023_WL,0
409,    P-6843,   2025/09/30 09:11:14,           1-30,7,1.446,5.246,19246,0,1,                                    KD-1,                                   drift,                 H2O,1759241784,0.238,0.534,231.001,-0.001,0.001,5.659,97.34,39.114,1.113,60.391,0.857,-5.051,0,0,0,38.438,1,30,2,4-13-2023_WL,0
410,    P-6843,   2025/09/30 09:20:12,           1-30,8,1.369,5.145,19145,0,1,                                    KD-1,                                   drift,                 H2O,1759242323,0.22,0.618,231.432,-0.002,0,5.668,96.565,39.364,1.112,59.853,0.857,-4.994,0,0,0,38.562,1,30,2,4-13-2023_WL,0
411,    P-6844,   2025/09/30 09:29:37,           1-31,1,-0.589,2.917,19591,-1,1,                                  USGS48,                                      QC,                 H2O,1759242887,0.217,0.535,228.999,-0.002,0.001,5.602,99.176,39.576,1.182,63.294,0.858,-4.84,0,0,0,38.625,1,31,2,4-13-2023_WL,0
412,    P-6844,   2025/09/30 09:38:36,           1-31,2,-0.737,2.505,19126,-1,1,                                  USGS48,                                      QC,                 H2O,1759243426,0.221,0.567,230.493,-0.001,0.002,5.641,96.613,38.936,1.115,59.855,0.858,-4.908,0,0,0,38.562,1,31,2,4-13-2023_WL,0
413,    P-6844,   2025/09/30 09:47:34,           1-31,3,-0.703,2.404,19050,-1,1,                                  USGS48,                                      QC,                 H2O,1759243965,0.23,0.503,226.894,0,0,5.585,96.547,37.917,1.121,60.452,0.858,-5.179,0,0,0,38.5,1,31,2,4-13-2023_WL,0
414,    P-6844,   2025/09/30 09:56:33,           1-31,4,-0.739,2.313,18897,0,1,                                  USGS48,                                      QC,                 H2O,1759244503,0.235,0.483,228.128,-0.001,0,5.588,95.074,38.412,1.112,60.632,0.857,-4.77,0,0,0,38.438,1,31,2,4-13-2023_WL,0
415,    P-6844,   2025/09/30 10:05:31,           1-31,5,-0.764,2.285,18922,0,1,                                  USGS48,                                      QC,                 H2O,1759245042,0.246,0.589,225.506,-0.002,0.002,5.517,95.733,37.905,1.156,59.509,0.857,-5.121,0,0,0,38.375,1,31,2,4-13-2023_WL,0
416,    P-6844,   2025/09/30 10:14:30,           1-31,6,-0.793,2.298,18921,0,1,                                  USGS48,                                      QC,                 H2O,1759245580,0.251,0.569,221.266,-0.001,0,5.448,95.303,38.318,1.151,60.589,0.858,-4.706,0,0,0,38.375,1,31,2,4-13-2023_WL,0
417,    P-6844,   2025/09/30 10:23:28,           1-31,7,-0.807,2.252,18981,0,1,                                  USGS48,                                      QC,                 H2O,1759246119,0.2,0.508,225.833,0,0,5.528,95.856,38.651,1.102,58.898,0.857,-5.159,0,0,0,38.312,1,31,2,4-13-2023_WL,0
418,    P-6844,   2025/09/30 10:32:27,           1-31,8,-0.791,2.252,19003,0,1,                                  USGS48,                                      QC,                 H2O,1759246657,0.215,0.543,226.525,-0.001,0,5.58,95.887,38.713,1.114,59.531,0.857,-4.989,0,0,0,38.375,1,31,2,4-13-2023_WL,0
419,    P-6845,   2025/09/30 10:41:53,           1-32,1,1.868,9.681,19702,-1,1,              Cristobal 0.5m 30-Mar-2021,                                 unknown,                 H2O,1759247223,0.241,0.552,230.346,-0.002,-0.001,5.634,99.731,40.075,1.177,63.409,0.858,-4.852,0,0,0,38.375,1,32,2,4-13-2023_WL,0
420,    P-6845,   2025/09/30 10:50:51,           1-32,2,2.07,10.439,19327,-1,1,              Cristobal 0.5m 30-Mar-2021,                                 unknown,                 H2O,1759247761,0.234,0.537,234.778,-0.001,0.001,5.743,97.982,38.684,1.156,61.518,0.858,-5.019,0,0,0,38.312,1,32,2,4-13-2023_WL,0
421,    P-6845,   2025/09/30 10:59:50,           1-32,3,2.16,10.525,19078,-1,1,              Cristobal 0.5m 30-Mar-2021,                                 unknown,                 H2O,1759248300,0.216,0.558,235.925,-0.001,0.001,5.775,96.319,38.808,1.095,60.04,0.857,-5.049,0,0,0,38.375,1,32,2,4-13-2023_WL,0
422,    P-6845,   2025/09/30 11:08:49,           1-32,4,2.262,10.861,19028,0,1,              Cristobal 0.5m 30-Mar-2021,                                 unknown,                 H2O,1759248839,0.234,0.539,235.592,-0.002,0.001,5.732,95.985,38.245,1.114,61.716,0.857,-4.838,0,0,0,38.375,1,32,2,4-13-2023_WL,0
423,    P-6845,   2025/09/30 11:17:47,           1-32,5,2.293,10.813,19013,0,1,              Cristobal 0.5m 30-Mar-2021,                                 unknown,                 H2O,1759249377,0.236,0.532,239.27,-0.001,0,5.854,95.991,38.364,1.155,60.75,0.857,-4.94,0,0,0,38.375,1,32,2,4-13-2023_WL,0
424,    P-6845,   2025/09/30 11:26:46,           1-32,6,2.223,10.914,19154,0,1,              Cristobal 0.5m 30-Mar-2021,                                 unknown,                 H2O,1759249917,0.232,0.521,232.893,0,-0.001,5.704,96.699,38.631,1.128,61.793,0.857,-4.841,0,0,0,38.375,1,32,2,4-13-2023_WL,0
425,    P-6845,   2025/09/30 11:35:45,           1-32,7,2.269,10.924,18962,0,1,              Cristobal 0.5m 30-Mar-2021,                                 unknown,                 H2O,1759250455,0.232,0.584,234.97,0,-0.001,5.786,95.377,38.586,1.18,61.139,0.857,-4.775,0,0,0,38.375,1,32,2,4-13-2023_WL,0
426,    P-6845,   2025/09/30 11:44:43,           1-32,8,2.255,10.938,19068,0,1,              Cristobal 0.5m 30-Mar-2021,                                 unknown,                 H2O,1759250993,0.225,0.567,242.771,-0.001,0.001,5.909,96.231,38.826,1.14,60.049,0.857,-4.972,0,0,0,38.312,1,32,2,4-13-2023_WL,0
427,    P-6846,   2025/09/30 11:54:09,           1-33,1,2.15,10.057,19572,-1,1,                   Cristobal 12-Apr-2021,                                 unknown,                 H2O,1759251559,0.22,0.481,237.073,-0.001,-0.001,5.797,99.435,39.282,1.16,62.075,0.858,-5.246,0,0,0,38.312,1,33,2,4-13-2023_WL,0
428,    P-6846,   2025/09/30 12:03:08,           1-33,2,2.071,9.927,19110,-1,1,                   Cristobal 12-Apr-2021,                                 unknown,                 H2O,1759252097,0.246,0.54,234.951,-0.002,0.001,5.749,96.415,38.512,1.135,61.891,0.858,-4.746,0,0,0,38.562,1,33,2,4-13-2023_WL,0
429,    P-6846,   2025/09/30 12:12:06,           1-33,3,2.109,9.733,18975,-1,1,                   Cristobal 12-Apr-2021,                                 unknown,                 H2O,1759252636,0.239,0.539,234.647,-0.001,0.001,5.747,95.716,38.652,1.15,59.631,0.857,-5.014,0,0,0,38.625,1,33,2,4-13-2023_WL,0
430,    P-6846,   2025/09/30 12:21:04,           1-33,4,2.098,9.823,18962,0,1,                   Cristobal 12-Apr-2021,                                 unknown,                 H2O,1759253174,0.229,0.57,236.434,-0.001,0.002,5.789,95.624,38.561,1.108,59.828,0.857,-5.017,0,0,0,38.562,1,33,2,4-13-2023_WL,0
431,    P-6846,   2025/09/30 12:30:03,           1-33,5,2.121,9.804,18914,0,1,                   Cristobal 12-Apr-2021,                                 unknown,                 H2O,1759253713,0.211,0.555,233.689,-0.001,0,5.715,95.416,38.574,1.125,59.1,0.858,-5.155,0,0,0,38.5,1,33,2,4-13-2023_WL,0
432,    P-6846,   2025/09/30 12:39:02,           1-33,6,2.113,9.904,19131,0,1,                   Cristobal 12-Apr-2021,                                 unknown,                 H2O,1759254252,0.246,0.503,235.317,-0.002,-0.002,5.765,96.577,39.338,1.096,59.226,0.857,-5.176,0,0,0,38.5,1,33,2,4-13-2023_WL,0
433,    P-6846,   2025/09/30 12:48:01,           1-33,7,2.114,9.842,19099,0,1,                   Cristobal 12-Apr-2021,                                 unknown,                 H2O,1759254791,0.221,0.437,236.33,-0.001,-0.002,5.785,96.638,38.627,1.094,59.791,0.858,-5.152,0,0,0,38.438,1,33,2,4-13-2023_WL,0
434,    P-6846,   2025/09/30 12:57:00,           1-33,8,2.043,9.82,19111,0,1,                   Cristobal 12-Apr-2021,                                 unknown,                 H2O,1759255330,0.241,0.536,241.232,-0.001,0.001,5.906,96.663,38.705,1.121,59.873,0.857,-5.077,0,0,0,38.5,1,33,2,4-13-2023_WL,0
435,    P-6847,   2025/09/30 13:06:25,           1-34,1,2.008,9.187,19422,-1,1,                   Cristobal 27-Apr-2021,                                 unknown,                 H2O,1759255896,0.22,0.541,235.158,-0.002,0,5.75,98.208,39.615,1.174,61.518,0.858,-5.055,0,0,0,38.562,1,34,2,4-13-2023_WL,0
436,    P-6847,   2025/09/30 13:15:24,           1-34,2,1.988,8.982,19075,-1,1,                   Cristobal 27-Apr-2021,                                 unknown,                 H2O,1759256434,0.258,0.546,233.716,-0.002,0,5.722,96.313,38.708,1.133,60.124,0.857,-4.99,0,0,0,38.5,1,34,2,4-13-2023_WL,0
437,    P-6847,   2025/09/30 13:24:22,           1-34,3,1.908,8.608,19071,-1,1,                   Cristobal 27-Apr-2021,                                 unknown,                 H2O,1759256972,0.229,0.525,235.473,-0.001,0,5.765,96.216,38.766,1.134,60.669,0.858,-4.93,0,0,0,38.5,1,34,2,4-13-2023_WL,0
438,    P-6847,   2025/09/30 13:33:21,           1-34,4,1.841,8.78,19057,0,1,                   Cristobal 27-Apr-2021,                                 unknown,                 H2O,1759257511,0.213,0.58,240.682,-0.001,0.001,5.894,96.177,38.505,1.148,60.975,0.857,-4.81,0,0,0,38.438,1,34,2,4-13-2023_WL,0
439,    P-6847,   2025/09/30 13:42:20,           1-34,5,2.003,8.843,19105,0,1,                   Cristobal 27-Apr-2021,                                 unknown,                 H2O,1759258050,0.231,0.546,234.374,-0.001,0,5.742,96.542,39.255,1.128,58.678,0.857,-5.225,0,0,0,38.438,1,34,2,4-13-2023_WL,0
440,    P-6847,   2025/09/30 13:51:19,           1-34,6,1.897,8.586,19058,0,1,                   Cristobal 27-Apr-2021,                                 unknown,                 H2O,1759258589,0.258,0.515,237.145,-0.001,0.001,5.772,96.146,38.925,1.119,60.04,0.857,-5.013,0,0,0,38.5,1,34,2,4-13-2023_WL,0
441,    P-6847,   2025/09/30 14:00:18,           1-34,7,1.976,8.848,19150,0,1,                   Cristobal 27-Apr-2021,                                 unknown,                 H2O,1759259128,0.233,0.556,234.86,-0.001,0.001,5.753,96.777,38.3,1.129,62.157,0.857,-4.791,0,0,0,38.5,1,34,2,4-13-2023_WL,0
442,    P-6847,   2025/09/30 14:09:17,           1-34,8,1.881,8.688,19162,0,1,                   Cristobal 27-Apr-2021,                                 unknown,                 H2O,1759259667,0.243,0.5,241.076,-0.001,0.002,5.899,96.923,38.427,1.129,61.43,0.857,-4.949,0,0,0,38.438,1,34,2,4-13-2023_WL,0
443,    P-6848,   2025/09/30 14:18:42,           1-35,1,1.557,6.034,19502,-1,1,                                    KD-1,                                   drift,                 H2O,1759260232,0.226,0.534,231.808,-0.001,0.001,5.673,98.854,38.968,1.215,63.446,0.857,-4.935,0,0,0,38.5,1,35,2,4-13-2023_WL,0
444,    P-6848,   2025/09/30 14:27:41,           1-35,2,1.459,5.538,19367,-1,1,                                    KD-1,                                   drift,                 H2O,1759260771,0.227,0.523,232.232,-0.002,0.002,5.651,97.893,39.196,1.112,62.184,0.857,-4.861,0,0,0,38.5,1,35,2,4-13-2023_WL,0
445,    P-6848,   2025/09/30 14:36:39,           1-35,3,1.398,5.351,19270,-1,1,                                    KD-1,                                   drift,                 H2O,1759261309,0.214,0.508,231.752,-0.002,0,5.672,96.976,39.794,1.14,61.036,0.857,-4.834,0,0,0,38.5,1,35,2,4-13-2023_WL,0
446,    P-6848,   2025/09/30 14:45:38,           1-35,4,1.441,5.332,19285,0,1,                                    KD-1,                                   drift,                 H2O,1759261848,0.214,0.508,232.46,-0.002,-0.001,5.693,97.645,38.903,1.137,60.916,0.857,-5.001,0,0,0,38.5,1,35,2,4-13-2023_WL,0
447,    P-6848,   2025/09/30 14:54:37,           1-35,5,1.412,5.245,19259,0,1,                                    KD-1,                                   drift,                 H2O,1759262387,0.228,0.527,228.702,-0.001,0.003,5.598,97.36,39.099,1.124,60.881,0.857,-5.019,0,0,0,38.625,1,35,2,4-13-2023_WL,0
448,    P-6848,   2025/09/30 15:03:36,           1-35,6,1.412,5.273,19358,0,1,                                    KD-1,                                   drift,                 H2O,1759262926,0.233,0.558,229.878,-0.002,-0.001,5.595,97.886,38.877,1.166,62.821,0.857,-4.841,0,0,0,38.562,1,35,2,4-13-2023_WL,0
449,    P-6848,   2025/09/30 15:12:35,           1-35,7,1.381,5.117,19279,0,1,                                    KD-1,                                   drift,                 H2O,1759263464,0.214,0.532,228.938,-0.002,0.002,5.602,97.35,39.448,1.106,60.596,0.858,-5.003,0,0,0,38.5,1,35,2,4-13-2023_WL,0
450,    P-6848,   2025/09/30 15:21:33,           1-35,8,1.428,5.311,19352,0,1,                                    KD-1,                                   drift,                 H2O,1759264004,0.219,0.492,227.249,-0.001,0.001,5.563,97.929,38.735,1.153,62.67,0.857,-4.75,0,0,0,38.5,1,35,2,4-13-2023_WL,0